mrbd;codigoCurso;p1;p2;p3_1;p3_2;p3_3;p3_4;p3_5;p4_1;p4_2;p4_3;p4_4;p4_5;p4_6;p4_7;p4_8;p5_1;p5_2;p5_3;p5_4;p5_5;p6_1;p6_2;p6_3;p6_4;p6_5;p6_6;p7_1;p7_2;p7_3;p7_4;p7_5;p7_6;p8_1;p8_2;p8_3;p8_4;p8_5;p8_6;p8_7;p8_8;p9_1;p9_2;p9_3;p9_4;p9_5;p10_1;p10_2;p10_3;p10_4;p10_5;p10_6;p10_7;p10_8;p10_9;p10_10;p11_1;p11_2;p11_3;p11_4;p11_5;p12_1;p12_2;p12_3;p12_4;p12_5;p12_6;p12_7;p12_8;p12_9;p13_1;p13_2;p13_3;p13_4;p13_5;p13_6;p13_7;p14_1;p14_2;p14_3;p14_4;p14_5;p15_1;p15_2;p15_3;p15_4;p15_5;p15_6;p15_7;p15_8;p15_9;p15_10;p15_11;p15_12;p15_13;p16_1;p16_2;p16_3;p16_4;p16_5;p16_6;p16_7;p17_1;p17_2;p17_3;p17_4;p17_5;p17_6;p17_7;p17_8;p17_9;vnumregistro;noAplica
57502;6206;3;3;1;1;2;2;2;3;4;3;3;4;3;4;4;3;2;4;3;2;3;4;3;3;4;4;3;2;4;3;3;2;1;2;2;1;2;2;1;1;2;1;1;2;0;0;0;0;1;1;0;1;0;0;0;1;1;1;2;2;1;3;2;5;4;3;4;4;3;3;4;4;4;4;3;4;4;4;3;4;3;3;2;3;1;2;1;3;2;2;3;2;2;3;3;1;4;1;4;1;1;2;2;2;2;2;2;2;2;2;1;0
28764;8950;3;3;1;1;0;0;1;4;4;4;4;4;3;4;4;3;3;3;3;3;3;3;3;3;3;3;4;3;4;4;4;3;1;1;1;1;1;1;1;1;0;1;1;2;1;0;0;0;0;1;0;1;1;0;0;1;1;1;1;1;3;2;3;3;3;3;3;3;3;4;4;4;4;4;3;4;4;4;4;4;4;2;3;2;2;3;0;2;2;2;2;2;2;2;3;1;4;1;3;1;1;2;2;2;2;2;2;2;2;2;2;0
54136;6323;1;3;1;1;1;1;1;4;4;4;4;4;4;4;4;3;3;3;3;2;4;4;4;3;4;3;3;3;3;4;3;4;1;1;1;1;1;1;1;1;2;1;1;1;1;1;0;0;1;1;0;0;0;0;0;1;1;1;1;1;4;4;3;4;0;4;3;5;4;3;3;3;3;3;3;3;4;4;3;3;3;1;2;2;2;2;2;3;2;1;2;2;2;2;3;2;3;2;3;1;1;2;2;2;2;2;2;2;2;2;3;0
31570;6252;3;1;1;1;1;2;1;4;4;4;4;3;4;4;4;4;4;4;4;4;3;3;4;3;3;4;4;3;3;4;4;4;1;1;1;1;1;2;1;2;2;1;1;2;1;0;0;0;1;0;1;1;0;0;0;1;1;1;1;2;3;3;2;4;3;3;4;3;5;4;4;4;4;3;3;3;4;4;4;4;4;2;2;3;1;3;2;2;2;2;2;2;2;2;3;1;3;1;3;2;2;2;2;2;2;2;2;2;2;2;4;0
20705;6748;3;1;1;1;2;2;1;4;4;4;4;4;4;4;4;3;3;4;4;4;3;3;3;3;3;3;3;3;3;4;3;4;1;1;1;1;1;2;1;2;2;1;1;2;1;0;1;0;1;1;0;0;0;0;0;1;1;1;1;1;3;5;4;5;4;3;3;4;5;4;4;4;4;4;4;4;4;4;4;4;3;2;3;3;2;3;2;2;2;2;3;2;3;2;4;1;4;1;4;1;2;2;2;2;2;2;2;2;2;2;5;0
98423;456;1;2;1;1;1;0;1;3;4;3;4;4;3;4;4;3;3;3;3;3;4;4;4;3;4;4;4;3;3;4;3;4;1;1;1;1;1;1;1;1;2;1;2;2;1;0;0;0;0;1;1;0;1;0;0;1;1;1;1;1;3;3;3;3;3;3;3;2;3;3;4;4;4;3;4;4;4;4;4;4;4;3;3;3;3;2;2;3;2;2;1;1;1;1;4;1;4;1;4;1;1;2;2;2;2;2;2;2;2;2;6;0
92805;663;2;3;1;0;0;0;0;4;4;4;4;3;3;3;4;3;3;4;4;4;3;4;4;3;4;4;4;3;4;3;3;4;1;1;1;1;2;2;1;1;1;1;2;2;1;1;0;0;0;1;0;1;0;0;0;1;1;2;1;2;4;2;4;4;3;4;4;2;4;4;4;3;3;3;3;3;4;4;3;4;4;2;2;2;2;3;2;3;3;3;3;3;3;2;3;0;3;0;3;0;2;2;2;2;2;2;2;2;2;2;7;0
38302;675;1;3;0;1;0;1;0;4;4;4;4;4;4;4;4;2;3;3;3;4;3;3;3;3;3;4;4;4;4;4;4;4;1;1;1;1;1;1;1;1;2;2;1;2;2;1;0;0;1;0;0;0;0;1;0;1;1;1;1;1;3;2;3;5;5;5;5;5;5;4;4;4;4;4;4;4;4;4;3;4;4;2;2;3;1;3;2;4;4;2;3;3;3;2;3;3;4;3;3;1;1;2;2;2;2;2;2;2;2;2;8;0
23752;681;1;2;1;1;1;2;2;4;4;4;4;4;4;4;4;3;3;3;3;2;4;4;4;4;4;4;4;3;3;4;3;4;1;2;2;2;1;1;1;2;2;1;2;2;1;0;0;0;1;0;1;0;1;0;0;1;1;1;1;1;3;2;5;5;5;3;5;2;4;4;4;4;4;4;4;4;3;3;3;3;4;2;2;2;1;1;2;2;3;3;2;2;2;2;4;1;4;1;4;1;1;2;2;2;2;2;2;2;2;2;9;0
63187;797;3;3;1;1;1;2;2;3;4;3;3;4;4;3;4;3;3;4;3;4;4;4;4;3;4;4;4;4;4;4;4;4;2;1;2;2;2;2;1;2;2;1;2;2;2;1;0;0;1;0;0;0;1;0;0;2;2;2;1;2;3;2;2;4;3;4;2;1;5;4;4;4;4;4;4;4;4;4;4;4;4;3;3;2;2;3;2;2;1;3;3;2;2;1;4;1;4;1;4;1;1;2;2;2;2;2;2;2;2;2;10;0
55089;811;3;3;1;1;1;1;1;3;3;3;3;3;2;3;3;3;2;3;3;2;3;3;3;3;3;3;3;2;3;3;3;4;1;1;2;2;1;1;1;1;2;1;1;2;1;1;0;0;0;1;0;1;0;0;0;1;1;1;1;1;4;3;4;4;5;5;4;2;5;3;3;4;4;3;4;4;4;4;4;4;4;2;2;3;2;2;2;3;3;3;3;2;3;3;4;1;4;1;4;1;1;2;2;2;2;2;2;2;2;2;11;0
76450;837;1;3;1;1;1;2;2;4;4;4;4;4;4;4;4;4;3;4;4;3;3;4;4;4;3;4;99;4;3;4;3;4;1;1;1;1;1;1;1;2;1;1;1;1;1;1;0;0;1;0;1;0;0;0;0;1;1;1;1;1;4;4;4;5;4;5;5;5;5;4;4;4;4;4;4;4;4;4;4;4;4;1;1;3;1;2;1;4;4;4;4;4;4;4;4;1;4;1;4;1;1;2;2;2;2;2;2;1;2;2;12;0
35866;861;2;3;1;2;2;2;2;4;4;4;4;4;4;4;4;3;3;3;3;2;3;3;4;4;4;4;3;3;3;3;3;4;1;1;1;1;1;1;1;1;2;2;1;2;2;0;0;0;1;1;0;0;1;0;0;1;1;1;1;1;5;2;4;4;5;4;3;4;4;4;4;4;4;4;2;4;4;4;4;4;4;2;3;3;1;3;3;3;3;2;3;3;3;2;4;1;3;1;4;1;1;2;2;2;2;2;2;2;2;2;13;0
44339;877;1;3;1;1;2;2;2;3;3;3;3;4;4;4;4;3;3;3;3;3;4;4;4;3;3;3;3;3;3;3;3;3;1;1;2;2;1;2;1;1;2;1;1;2;2;1;0;0;1;1;0;0;0;0;0;1;1;1;1;1;4;1;4;3;5;4;4;3;3;3;3;3;3;3;3;3;4;4;3;4;4;2;2;2;1;2;2;3;3;2;3;3;3;2;3;2;3;2;3;2;2;2;2;2;2;2;2;2;2;2;14;0
93979;891;3;2;1;2;2;2;2;4;4;4;4;4;3;4;4;3;3;0;4;4;4;4;4;4;4;4;4;3;4;4;4;4;2;1;2;1;2;2;1;1;2;1;1;2;1;0;0;0;1;1;0;0;0;0;1;1;1;1;1;2;2;2;3;5;3;3;3;1;4;4;4;4;4;4;4;4;4;4;4;4;3;3;3;3;2;3;3;3;3;2;4;3;3;2;3;2;3;2;3;2;2;2;2;2;0;2;2;2;2;2;15;0
11340;895;1;2;1;2;2;2;1;4;4;4;4;4;3;4;4;4;4;4;4;4;4;4;4;3;4;4;4;4;3;4;3;4;1;1;1;1;1;2;1;1;2;1;2;2;2;0;0;0;1;1;1;0;0;0;0;1;1;1;2;2;3;3;4;4;3;3;3;3;4;3;3;4;3;4;3;4;3;4;3;3;3;1;2;3;1;1;1;3;1;2;2;1;1;2;3;1;4;1;4;1;1;2;2;2;2;2;2;2;2;2;16;0
38538;912;1;3;1;1;1;2;2;4;4;4;4;4;4;4;4;4;4;4;4;4;4;4;4;4;4;4;4;4;3;4;3;4;1;1;1;1;1;1;1;1;2;1;1;2;1;1;0;0;1;1;0;0;0;0;0;1;1;1;1;1;5;4;5;5;4;5;5;5;5;4;4;4;4;4;4;4;4;4;4;4;4;2;2;2;2;2;4;2;3;4;2;1;1;2;4;3;4;1;2;1;2;2;2;2;2;2;2;2;2;2;17;0
43014;919;1;3;2;1;2;2;2;4;4;4;4;4;3;4;4;2;2;2;2;2;2;2;2;3;3;3;3;3;3;3;3;3;1;1;1;1;1;1;1;1;1;1;1;1;1;0;0;0;0;1;0;1;1;0;0;1;1;1;1;2;1;1;1;3;3;3;3;3;3;3;3;3;3;3;3;3;3;3;4;4;4;3;3;3;3;3;3;3;3;2;2;2;2;2;3;1;3;1;4;1;1;2;2;2;2;2;2;2;2;2;18;0
53604;939;2;2;1;2;2;2;1;4;4;4;4;4;4;4;4;4;4;4;4;4;4;4;4;0;4;4;4;4;4;4;4;4;1;1;1;1;1;1;1;1;2;1;1;2;1;0;0;1;0;1;0;1;0;0;0;1;1;1;1;1;3;3;1;5;5;3;5;1;5;4;4;4;4;4;4;4;4;4;4;4;4;3;3;3;2;3;2;3;3;2;2;1;2;2;4;1;4;1;4;1;1;2;2;2;2;2;2;2;2;2;19;0
67688;992;0;3;1;1;0;0;1;4;4;4;4;4;4;4;3;3;3;4;4;4;4;4;4;4;4;4;3;3;4;4;4;4;1;1;2;1;1;2;1;2;2;1;2;2;2;0;0;1;0;1;0;0;0;1;0;1;1;1;1;2;5;4;3;5;5;5;5;2;5;3;3;4;3;3;3;2;4;4;4;4;4;0;0;0;0;2;2;4;3;0;2;2;2;2;4;0;0;0;0;0;0;2;2;2;2;2;2;2;2;2;20;0
55316;1004;2;2;2;2;1;2;2;4;4;4;4;4;3;4;4;3;3;2;4;4;3;3;4;3;4;4;4;3;4;4;4;4;1;1;1;1;1;1;1;1;2;1;1;2;1;1;0;0;1;0;0;1;0;0;0;1;1;1;1;1;4;3;3;5;5;4;4;1;3;4;4;4;4;4;3;4;4;4;3;4;3;2;1;3;1;1;1;2;1;2;3;2;2;2;4;1;4;1;4;1;2;2;2;2;2;2;2;2;2;2;21;0
34117;1063;1;3;2;2;2;2;2;4;4;3;4;4;3;4;4;3;4;4;4;4;4;4;3;3;3;4;4;4;4;3;3;4;1;2;2;2;1;1;1;2;1;1;1;1;1;0;1;0;1;1;0;0;0;0;0;1;1;1;1;1;5;4;3;4;5;5;5;2;5;4;4;4;3;4;3;4;4;4;4;4;4;2;2;3;1;3;2;3;3;2;3;4;4;2;2;2;3;2;3;1;1;2;2;2;2;2;2;2;2;2;22;0
45809;1072;1;3;2;2;2;2;2;4;4;3;4;3;3;3;4;3;3;3;2;0;4;3;4;4;3;3;3;2;3;3;2;4;1;1;2;1;2;1;1;1;2;1;1;2;1;1;0;0;0;1;0;1;0;0;0;1;1;2;1;2;3;3;3;4;3;0;3;2;5;3;3;4;3;4;4;3;3;3;3;3;2;2;3;2;2;4;3;4;4;2;3;3;3;1;4;1;3;1;4;1;2;2;2;2;1;2;2;2;2;2;23;0
27666;1170;2;1;1;0;0;0;1;4;4;4;4;4;3;3;3;1;3;3;3;2;3;3;3;3;3;3;4;2;3;4;3;4;1;1;1;1;1;2;1;1;2;1;2;2;1;1;0;0;0;1;1;0;0;0;0;1;1;1;1;1;3;4;4;5;5;5;3;3;5;3;3;4;4;4;4;4;4;4;4;4;4;3;2;3;1;2;2;3;3;4;3;2;3;3;3;3;4;2;3;1;1;2;2;2;2;2;2;2;2;2;24;0
85397;1820;1;2;1;1;2;2;2;4;4;4;4;4;4;4;4;3;4;4;4;4;4;4;4;4;4;4;4;3;4;4;4;4;1;1;1;1;1;1;1;1;0;1;0;2;0;0;1;0;1;0;1;0;0;0;0;1;1;1;1;0;2;3;3;3;3;4;3;2;5;3;4;4;4;4;4;4;4;4;4;4;4;2;2;3;2;3;1;2;1;2;2;1;2;1;4;1;4;1;4;1;2;2;2;2;2;2;2;2;2;2;25;0
31576;2068;2;3;0;1;0;0;1;3;3;3;3;3;3;3;3;2;2;3;3;3;3;3;4;4;4;3;3;3;3;3;4;4;1;1;1;1;1;2;1;1;0;1;0;0;0;1;1;0;0;0;0;1;0;0;0;1;1;1;1;2;3;1;4;4;5;5;3;1;5;3;4;4;4;4;3;4;4;4;4;4;4;2;3;3;2;2;3;4;4;1;2;2;2;2;4;1;4;1;4;1;1;2;2;2;2;2;2;2;2;2;26;0
82104;2819;3;3;1;1;0;0;2;4;4;3;4;4;2;4;4;4;4;4;4;4;3;4;4;3;3;3;2;2;2;3;2;3;1;1;2;1;2;1;1;2;1;1;2;2;1;1;1;1;1;1;1;1;1;1;1;1;1;1;1;2;4;3;3;5;5;3;5;5;5;4;4;4;3;4;4;3;4;4;4;4;4;3;0;4;3;2;0;4;0;4;4;3;3;2;4;1;4;1;4;1;1;1;1;1;1;1;1;2;1;1;27;0
76890;2918;2;3;1;2;2;2;2;4;4;4;4;4;4;4;4;4;4;4;4;3;4;4;4;3;4;4;4;4;4;4;4;4;1;1;1;1;1;1;1;2;2;1;1;2;1;0;0;0;1;1;0;1;0;0;0;1;1;1;1;1;4;4;5;5;4;5;4;5;5;4;4;4;4;4;4;4;4;4;3;4;3;2;2;3;2;2;3;3;3;3;4;2;3;3;4;1;4;2;3;2;1;2;2;2;2;2;2;2;2;2;28;0
29794;3136;1;3;1;1;2;2;2;4;4;4;4;4;4;4;4;4;4;4;4;3;4;4;4;4;4;4;4;4;3;4;3;4;1;2;1;1;1;1;1;1;2;1;2;2;1;0;0;0;0;1;1;0;1;0;0;1;1;1;1;1;5;3;3;5;3;3;3;3;4;4;4;4;4;4;4;4;4;4;4;4;4;2;2;2;1;3;3;4;2;3;2;2;2;1;4;1;4;1;4;1;1;2;2;2;2;2;2;2;2;2;29;0
69157;3449;1;3;1;1;2;2;1;4;4;4;4;4;4;4;4;3;3;3;3;2;3;3;3;3;3;3;4;3;4;4;4;4;1;1;1;1;1;1;1;1;2;1;0;0;1;1;0;0;1;0;0;0;1;0;0;1;1;1;1;1;4;3;4;4;4;4;4;1;4;4;4;4;4;4;4;4;4;4;3;4;3;2;2;2;2;2;2;2;2;2;2;2;2;2;3;2;3;2;3;2;2;2;2;2;2;2;2;2;2;2;30;0
87349;3462;1;1;2;1;2;1;1;4;4;4;4;4;4;4;4;4;4;4;4;4;4;3;4;4;4;4;4;4;4;4;4;4;1;1;1;1;1;1;1;1;2;1;1;2;1;0;0;0;0;1;1;1;0;0;0;1;1;1;1;1;4;4;5;5;5;4;4;3;4;4;4;4;4;4;3;4;4;4;4;4;4;4;2;3;1;3;4;2;2;2;4;4;2;1;4;1;4;1;4;1;1;2;2;2;2;2;2;2;2;2;31;0
76362;3541;3;3;1;1;1;1;1;4;4;4;4;4;4;4;4;4;4;4;4;4;4;4;4;4;4;4;4;3;4;4;4;4;1;1;1;1;1;1;1;2;2;1;1;2;1;0;0;0;1;1;0;0;1;0;0;1;1;1;1;1;5;4;3;5;5;5;4;4;5;4;4;4;4;4;4;4;4;4;4;4;4;4;4;3;2;3;3;4;3;2;3;3;4;2;4;1;4;1;4;1;1;2;2;2;2;2;2;2;2;2;32;0
14031;3605;2;2;2;2;2;2;2;4;4;4;4;4;4;4;4;3;4;4;4;3;3;4;4;4;4;3;3;3;3;4;3;4;1;2;2;1;1;2;1;2;2;1;2;2;1;0;0;0;0;1;0;1;0;0;1;1;1;1;1;1;3;3;3;3;3;4;3;4;3;3;3;3;3;3;3;3;3;3;3;3;4;3;2;2;2;3;2;3;2;2;2;2;2;1;3;2;3;2;3;2;2;2;2;2;2;2;2;2;2;2;33;0
24669;3640;2;3;1;1;0;0;0;4;4;4;0;0;0;0;0;3;2;4;3;4;3;3;4;3;3;3;3;3;2;4;3;4;2;1;1;1;1;1;0;2;0;1;0;0;0;0;0;0;1;1;0;1;0;0;0;1;1;1;2;2;1;3;4;5;3;3;3;5;4;4;4;4;4;3;4;4;4;3;3;4;3;2;4;4;2;3;3;3;4;3;4;3;3;2;4;1;4;3;4;1;1;2;2;2;2;2;2;2;2;2;34;0
76692;3758;3;3;1;1;2;2;2;4;4;3;3;4;4;4;4;2;2;2;2;2;3;3;3;2;3;3;4;4;4;3;4;4;1;2;2;2;2;2;2;2;2;2;1;2;1;1;0;0;0;1;0;1;0;0;0;1;1;1;1;1;4;3;4;4;5;4;2;3;3;4;4;4;4;4;4;4;4;4;4;4;4;1;1;3;1;2;3;2;2;1;3;3;3;3;4;1;3;1;4;1;1;2;2;2;2;2;2;2;2;2;35;0
89247;3867;3;3;1;2;2;2;1;4;4;4;4;4;4;4;4;4;4;3;4;3;4;4;4;4;4;3;4;2;3;4;3;4;1;1;1;2;1;1;1;1;2;1;2;2;1;0;0;1;1;0;0;1;0;0;0;2;2;1;1;1;3;3;5;4;5;3;4;3;5;4;4;4;3;4;4;4;4;4;4;4;3;2;3;2;2;2;2;3;1;3;3;2;3;2;4;1;4;1;4;1;1;2;2;2;2;2;2;2;2;2;36;0
9594;4053;1;3;1;1;0;0;0;3;3;3;3;3;3;3;3;2;3;3;3;3;4;3;4;4;4;3;3;3;4;4;4;4;1;1;1;1;2;2;1;2;1;1;1;2;2;1;0;0;0;1;0;1;0;0;0;1;1;2;2;2;3;3;3;3;3;3;3;3;3;3;3;3;3;3;3;3;3;4;4;4;3;2;3;3;1;2;2;3;3;3;3;3;3;2;4;1;4;1;4;1;1;2;2;2;2;2;2;2;2;2;37;0
7580;4228;3;1;1;1;2;2;2;4;4;3;3;4;4;4;4;3;3;3;2;1;4;4;4;3;3;3;3;2;2;3;3;2;0;0;0;0;0;0;0;0;1;1;1;1;1;0;1;0;1;0;1;0;0;0;0;1;1;1;1;1;1;1;5;5;5;5;5;1;5;4;4;4;4;4;4;4;4;4;4;4;4;3;3;2;1;2;2;2;3;2;2;1;2;3;4;1;4;1;4;1;1;2;2;2;2;2;2;2;2;2;38;0
96850;4279;2;3;1;0;0;1;0;4;4;3;3;4;4;4;4;3;3;3;2;2;3;4;4;3;3;3;3;3;3;3;3;4;1;1;1;1;1;2;1;2;2;1;2;2;1;1;0;0;0;1;1;0;0;0;0;1;1;1;1;1;3;3;3;3;5;3;3;2;5;3;3;3;3;3;2;3;4;4;4;4;4;2;2;2;1;3;2;4;3;1;3;2;3;1;4;1;3;3;4;1;1;2;2;2;2;2;2;2;2;2;39;0
64387;4281;3;3;1;1;2;2;2;4;4;4;4;4;4;4;4;3;3;4;3;3;4;4;4;4;3;3;4;3;4;4;3;4;1;1;2;2;2;2;1;1;2;1;1;2;1;0;0;0;0;1;0;1;1;0;0;1;1;2;1;2;3;0;4;4;5;4;4;2;4;4;4;4;4;4;3;3;4;4;3;4;3;2;2;2;1;1;2;1;1;2;3;1;2;1;3;1;3;1;3;1;1;2;2;2;2;2;2;2;2;2;40;0
49635;4325;99;2;1;1;0;0;0;4;4;4;4;4;3;4;4;3;4;4;4;4;4;4;4;3;4;4;4;4;4;4;4;4;1;2;2;1;1;1;1;2;1;1;2;2;1;1;1;1;1;1;1;1;1;1;1;1;1;1;1;2;4;5;4;4;5;5;5;2;5;4;4;4;4;4;4;4;4;4;4;4;4;0;3;3;1;2;1;2;2;3;2;2;2;2;3;1;4;1;3;2;2;1;1;1;1;1;1;1;1;1;41;0
77752;4355;3;2;1;1;1;1;1;4;4;4;4;4;4;4;4;4;4;4;4;4;4;4;4;4;4;4;4;4;4;4;4;4;1;1;1;1;1;1;1;1;2;1;1;2;1;1;1;0;0;0;1;0;0;0;0;1;1;1;1;1;5;5;5;5;5;5;5;3;5;4;4;4;4;4;4;4;4;4;4;4;4;3;2;3;2;3;4;4;4;2;3;3;3;3;4;1;4;1;4;2;1;2;2;2;2;2;2;2;2;2;42;0
88946;4397;3;2;2;2;2;2;2;4;4;4;4;4;4;4;4;4;4;4;4;3;3;4;4;4;3;4;4;3;3;3;3;4;1;2;2;2;1;2;1;1;2;1;2;1;1;1;0;0;0;1;0;0;1;0;0;1;1;1;1;2;4;1;1;1;5;5;3;1;5;3;3;3;3;3;3;2;4;4;3;4;4;2;3;2;2;3;2;3;3;2;3;1;2;1;3;1;4;1;3;1;1;2;2;2;1;2;2;1;2;2;43;0
97699;4428;1;2;1;1;2;2;2;4;4;4;4;4;4;4;4;3;4;4;4;4;4;4;4;4;4;4;4;4;4;4;4;4;1;1;2;2;2;2;1;1;2;2;1;2;1;0;0;0;0;1;1;1;0;0;0;1;1;1;1;1;4;0;5;4;5;5;5;2;3;4;4;4;4;4;4;4;4;4;4;4;4;2;2;2;2;2;2;3;3;3;3;2;3;2;4;1;4;1;4;1;1;2;2;2;2;2;2;2;2;2;44;0
54803;4434;1;3;1;1;1;1;2;4;4;3;4;3;3;3;3;3;4;4;4;4;3;3;3;3;4;4;3;2;2;4;4;4;1;1;1;1;1;1;1;1;2;1;2;2;2;0;1;0;1;1;0;0;0;0;0;1;2;2;2;2;3;2;2;5;5;4;4;2;5;3;3;3;3;3;3;3;4;4;3;3;4;1;1;1;1;1;2;2;2;1;2;2;2;1;1;1;4;1;1;1;1;2;2;2;1;2;2;1;2;2;45;0
16687;4473;3;3;1;2;2;2;2;4;4;4;4;4;4;4;4;4;4;3;4;4;4;4;4;3;4;4;4;4;4;4;3;4;1;1;2;1;1;1;1;2;1;1;2;2;2;1;0;0;0;1;1;0;0;0;0;1;0;1;1;1;3;4;4;4;5;4;3;3;4;4;4;4;4;3;3;4;4;4;4;4;3;2;2;2;2;3;2;3;3;2;3;3;3;2;3;1;3;2;3;1;2;2;2;2;2;2;2;2;2;2;46;0
81296;4573;2;3;1;0;2;0;0;4;4;3;3;3;3;3;3;3;3;3;3;4;3;3;3;2;3;3;3;3;3;3;3;4;1;1;1;1;2;2;1;2;1;1;1;2;1;0;0;0;0;1;1;1;0;0;0;1;2;1;1;1;5;1;5;3;5;2;2;1;3;4;4;4;3;4;4;3;3;4;4;4;3;2;2;3;2;2;2;4;2;2;3;2;3;3;3;1;3;1;3;2;2;2;2;2;2;2;2;2;2;2;47;0
2573;4583;3;3;1;0;0;0;0;3;4;3;4;4;4;4;4;4;3;4;4;3;4;4;4;3;4;4;3;2;4;4;3;4;2;1;1;1;1;1;1;1;2;1;1;2;1;0;0;0;0;1;1;1;0;0;0;1;1;1;1;2;4;4;4;5;5;5;3;4;5;3;4;4;3;3;2;3;4;4;4;4;3;2;3;2;1;3;3;4;4;2;3;2;3;2;4;1;3;1;3;1;1;2;2;2;2;2;2;2;2;2;48;0
47259;4590;2;3;1;1;1;2;1;4;4;4;4;4;4;4;4;3;3;4;4;4;4;4;4;3;3;3;4;3;4;4;4;4;1;2;1;1;1;2;1;2;2;1;2;1;1;0;0;0;1;1;0;1;0;0;0;1;1;1;1;2;3;3;4;5;5;5;3;2;5;4;4;4;4;4;4;4;4;4;4;4;4;2;1;3;2;3;3;3;1;1;3;3;3;1;4;1;4;1;4;1;1;2;2;2;2;2;2;2;2;2;49;0
23063;4592;1;3;1;1;2;2;2;4;4;4;4;4;3;4;4;4;4;4;4;3;4;4;4;4;4;4;4;4;4;4;4;4;1;1;1;1;1;1;1;1;2;1;1;1;1;0;0;0;1;1;1;0;0;0;0;1;1;1;1;2;4;4;5;5;5;5;4;3;5;4;4;4;4;4;4;4;4;4;4;4;4;1;1;1;1;1;1;2;1;3;2;2;2;2;4;1;4;1;4;1;1;2;2;2;2;2;2;2;2;2;50;0
83480;4596;3;1;1;2;2;2;2;4;4;4;4;4;4;4;4;2;4;3;4;4;4;4;4;3;3;4;3;3;4;4;3;4;1;1;1;1;1;2;1;1;1;1;1;2;1;1;0;0;0;1;0;1;0;0;0;1;1;1;1;1;5;2;5;4;5;5;5;2;5;3;3;4;4;3;4;3;4;4;4;4;4;2;3;3;1;3;3;3;3;2;2;2;2;2;4;1;3;1;3;1;1;2;2;2;2;2;2;2;2;2;51;0
90685;4640;3;2;2;2;2;2;2;4;4;4;4;4;4;4;4;2;3;4;4;4;3;4;4;4;4;4;4;4;4;4;4;4;1;1;1;1;1;2;1;2;2;1;0;1;1;0;0;0;1;1;0;1;0;0;0;1;1;1;1;1;5;3;3;5;5;5;3;5;5;4;4;4;4;4;4;4;4;4;4;4;3;3;3;3;2;3;2;3;3;3;3;2;2;3;4;1;4;2;4;1;1;2;2;2;2;2;2;2;2;2;52;0
98913;4659;3;2;0;1;0;0;0;4;4;4;4;4;4;4;4;3;4;4;4;4;3;4;4;4;4;4;4;4;4;4;4;4;1;1;2;2;1;1;1;2;2;1;1;2;1;1;0;0;1;0;1;0;0;0;0;1;1;1;1;1;3;2;4;5;5;5;5;5;5;3;4;4;4;4;4;4;4;4;4;4;4;1;1;1;1;2;3;2;3;3;3;2;2;1;3;4;4;2;3;1;1;2;2;2;1;2;2;1;2;2;53;0
12134;4665;3;3;1;2;2;2;1;4;4;4;4;4;3;3;4;4;3;3;3;4;4;4;3;3;3;4;3;3;3;3;4;4;1;1;1;1;1;2;1;2;1;1;1;0;1;0;0;0;0;1;1;0;1;0;0;1;1;1;1;1;5;1;1;1;5;3;3;1;5;4;4;4;4;4;4;4;4;4;4;4;4;2;3;3;2;2;2;3;3;3;2;2;2;1;4;1;4;1;4;1;1;2;2;2;2;2;2;2;2;2;54;0
36938;4786;1;3;1;0;0;0;0;4;4;4;4;3;4;4;4;3;3;3;3;3;3;4;3;4;3;4;4;3;3;4;3;4;1;1;2;1;1;2;1;2;1;1;2;2;2;1;0;0;1;1;0;0;0;0;0;1;1;2;1;2;4;4;4;4;5;5;4;2;5;3;4;4;3;4;3;3;4;4;3;3;4;3;3;2;2;3;3;3;3;2;4;3;3;2;3;1;4;1;4;1;1;2;2;2;1;2;2;2;2;2;55;0
44526;4757;3;3;1;1;2;2;2;4;4;4;3;3;3;4;4;3;3;3;4;4;3;3;4;4;4;4;3;3;3;4;4;4;1;1;1;1;1;1;1;2;2;1;1;2;1;0;0;0;1;1;1;0;0;0;0;1;1;1;1;1;3;2;3;4;3;3;4;2;5;3;3;3;3;3;3;3;3;4;4;3;3;4;3;4;4;2;2;3;2;4;4;3;3;2;4;1;3;2;4;1;2;2;2;2;2;2;2;2;2;2;56;0
13196;5501;3;3;1;1;2;1;2;4;4;3;4;4;3;4;3;2;2;3;3;2;3;4;3;3;3;3;3;2;3;3;4;3;1;1;2;2;1;2;2;2;1;1;2;2;1;1;0;0;1;1;0;0;0;0;0;0;2;0;1;1;3;3;3;4;3;3;3;3;4;3;3;4;4;3;3;3;3;3;4;3;3;1;2;2;2;2;1;2;2;2;2;2;2;2;3;1;3;2;3;1;1;0;2;2;2;2;2;2;2;2;57;0
66071;6603;3;3;1;1;1;2;2;4;4;4;4;4;4;4;4;3;3;4;3;3;4;3;3;4;4;3;4;3;3;4;4;4;1;1;2;2;2;2;1;2;2;1;2;2;2;1;0;0;0;1;1;0;0;0;0;1;1;0;0;0;5;0;0;0;0;5;0;0;0;4;3;3;4;3;3;3;4;4;4;4;4;1;1;3;1;3;1;3;3;2;2;1;1;1;4;1;3;1;3;1;1;2;2;2;2;2;2;2;2;2;58;0
11729;6940;2;3;1;1;2;2;2;4;4;4;4;4;4;4;4;4;4;4;4;4;4;4;4;4;4;4;4;4;4;4;4;4;1;1;1;1;1;1;1;1;2;1;2;1;1;0;0;0;1;1;0;1;0;0;0;1;1;1;1;1;4;4;5;5;5;5;5;5;5;4;4;4;4;4;4;4;4;4;4;4;4;2;2;2;2;3;3;3;3;2;3;2;2;2;4;1;4;0;2;1;1;2;2;2;2;2;2;2;2;2;59;0
94772;3426;2;2;1;0;2;2;1;4;4;4;4;4;4;4;4;3;4;3;3;3;3;4;4;3;4;3;3;3;3;4;3;4;1;1;2;2;1;2;1;1;2;1;1;2;1;0;1;0;0;1;0;0;1;0;0;1;1;1;1;1;5;3;4;4;3;4;4;5;5;4;4;4;4;4;4;4;4;4;4;4;4;2;2;2;2;3;2;3;2;2;3;2;3;3;4;1;4;1;3;1;1;2;2;2;2;2;2;2;2;2;60;0
74406;6530;1;2;1;1;2;2;1;3;3;3;3;3;4;3;4;2;3;3;4;3;4;3;4;4;4;4;3;3;4;4;4;4;1;1;2;1;2;2;1;2;2;1;2;2;2;1;0;0;0;1;0;1;0;0;0;1;1;1;1;1;1;1;1;3;2;2;3;3;3;3;3;4;4;4;3;3;3;3;3;3;3;2;2;2;1;2;1;2;2;1;2;2;2;1;3;2;3;3;3;3;3;2;2;2;2;2;2;2;2;2;61;0
37877;3424;3;3;1;1;1;2;2;4;4;3;4;4;4;4;4;3;3;4;3;4;3;3;3;3;4;4;4;3;4;4;4;3;1;1;2;1;2;1;1;1;2;1;1;1;1;0;0;1;0;1;0;1;0;0;0;1;2;1;1;2;2;2;3;4;3;5;3;1;5;3;4;3;4;3;3;3;4;4;4;4;4;1;1;1;1;2;1;3;3;3;2;2;2;3;3;1;4;4;3;1;1;2;2;2;2;2;2;1;2;2;62;0
99468;3327;2;3;1;1;2;2;2;4;4;4;4;4;4;4;4;3;4;4;4;3;4;4;4;3;3;4;4;3;3;3;3;4;1;1;1;1;1;2;1;1;2;1;1;2;1;0;1;0;1;1;0;0;0;0;0;1;1;1;1;2;4;4;5;5;3;5;3;3;5;3;4;4;4;4;3;4;4;4;4;4;4;2;3;2;2;4;4;4;4;2;3;3;2;2;4;2;4;1;4;1;1;2;2;2;2;2;2;2;2;2;63;0
59061;5935;1;3;1;1;2;2;2;3;3;3;3;4;3;4;4;2;3;3;3;2;3;4;4;3;3;3;3;3;4;4;4;4;1;2;1;1;2;2;1;1;2;1;1;2;1;0;0;1;1;0;0;0;1;0;0;1;1;1;1;1;3;3;3;3;3;3;3;2;5;3;3;3;3;3;3;4;4;4;3;4;4;2;3;2;1;2;2;2;2;2;2;1;1;1;3;2;3;2;3;2;2;2;2;2;2;2;2;2;2;2;64;0
54270;4557;3;2;1;2;2;2;2;4;4;4;3;3;3;3;4;4;4;4;4;4;3;3;4;2;3;3;4;3;3;4;4;4;1;1;1;1;1;1;1;1;2;1;1;2;1;0;0;0;1;0;1;1;0;0;0;1;1;1;1;1;5;3;3;4;5;5;5;5;3;4;4;4;4;4;4;4;3;4;3;3;3;2;2;3;2;2;2;3;2;3;3;2;3;2;4;1;4;1;4;1;1;2;2;2;2;2;2;2;2;2;65;0
13309;420;3;1;1;1;2;2;2;4;4;3;4;3;4;4;4;1;3;3;4;2;3;4;4;3;4;4;3;2;3;4;3;3;1;2;2;1;1;1;1;2;2;1;2;2;2;0;1;0;1;0;0;1;0;0;0;1;2;1;1;2;4;3;4;4;2;4;2;1;5;2;4;4;3;3;3;4;4;4;4;4;3;1;2;2;1;2;3;4;3;2;4;3;3;2;3;2;4;2;3;1;1;2;2;2;2;2;2;1;2;2;66;0
64052;429;3;3;1;0;0;0;1;4;4;4;4;4;3;3;3;3;3;4;3;4;4;3;4;4;4;3;4;3;3;4;3;4;1;1;1;1;1;2;1;2;2;1;1;2;2;1;0;0;0;1;1;0;0;0;0;1;1;1;1;1;4;3;3;3;3;4;4;3;4;3;3;4;3;3;3;3;3;3;3;3;2;1;1;2;2;3;3;3;3;1;3;1;1;1;3;3;4;1;3;1;1;2;1;2;1;2;2;1;2;2;67;0
96507;430;1;2;1;1;0;0;0;4;4;3;3;4;3;4;4;2;3;3;3;2;3;3;3;3;3;3;3;3;3;4;3;4;1;1;1;1;1;2;1;2;2;1;1;2;1;0;0;1;1;1;0;0;0;0;0;1;1;1;1;2;3;2;3;5;5;3;3;4;5;3;4;4;4;4;4;4;4;4;4;4;3;3;3;3;2;3;3;3;3;2;2;2;2;1;4;2;4;3;3;2;2;2;2;2;2;2;2;2;2;2;68;0
34111;443;3;2;1;1;1;2;1;4;4;3;4;3;4;4;4;3;3;3;3;2;3;4;4;3;4;4;4;3;2;4;3;4;1;2;2;1;2;2;1;1;2;1;1;2;1;0;0;0;1;1;1;0;0;0;0;1;2;2;1;2;5;3;3;5;5;3;3;3;4;2;3;3;3;3;3;3;4;4;3;3;2;1;2;2;1;2;2;3;2;1;3;2;2;3;4;1;4;1;3;1;1;2;2;2;2;2;1;2;2;2;69;0
13765;453;1;2;1;1;1;1;2;4;4;3;4;4;4;4;4;2;4;3;4;2;4;4;4;4;3;4;4;4;4;4;4;4;1;1;1;1;1;2;1;1;2;1;1;2;1;0;0;0;0;1;1;1;0;0;0;1;1;1;1;1;4;3;3;4;4;5;4;2;4;4;4;4;3;4;4;4;4;4;4;4;4;3;3;3;2;4;2;3;4;3;3;3;3;2;4;1;3;1;3;1;1;2;2;2;2;2;2;2;2;2;70;0
64018;462;3;2;1;2;1;2;2;1;1;1;1;3;3;3;3;4;2;3;4;2;3;3;3;2;3;3;4;4;3;3;4;3;2;2;1;1;1;2;2;1;2;2;1;2;1;0;0;0;0;1;0;1;1;0;0;2;2;2;2;2;5;4;5;5;5;5;5;2;5;4;4;4;4;4;4;4;4;4;4;4;4;2;2;1;1;1;2;4;4;2;2;2;2;1;3;2;3;2;2;1;1;2;2;2;2;2;2;2;2;2;71;0
7047;507;3;3;2;2;2;2;2;4;4;4;4;4;4;4;4;4;4;4;4;4;4;4;4;4;4;4;4;4;4;4;4;4;1;1;1;1;1;1;1;1;1;1;1;1;1;1;0;0;0;0;1;1;1;0;0;1;1;1;1;1;5;5;5;5;5;5;5;3;5;4;4;4;4;4;4;4;4;4;3;4;4;1;2;1;1;2;3;4;4;1;2;3;3;1;4;1;4;1;3;1;1;2;2;2;2;2;2;2;2;2;72;0
55576;514;99;2;1;1;1;2;2;4;4;4;4;4;4;4;4;4;3;4;3;3;3;3;3;3;3;3;4;4;4;4;4;4;1;2;2;1;1;2;2;1;2;1;1;2;0;0;0;0;1;1;0;0;1;0;0;1;1;1;1;1;3;2;3;4;4;4;3;2;4;4;4;4;4;4;4;4;4;4;4;4;4;3;3;3;2;2;2;2;2;3;0;2;2;1;4;2;4;3;4;2;2;2;2;2;2;2;2;2;2;2;73;0
63675;532;2;2;1;2;2;1;2;4;4;4;4;4;4;4;4;3;4;4;3;2;3;3;4;4;4;4;4;3;3;4;4;3;1;1;1;1;1;1;1;1;1;2;1;1;1;0;0;0;0;1;1;1;0;0;0;1;1;1;1;1;4;3;4;4;3;4;3;2;5;3;3;4;3;4;4;3;4;4;4;4;3;2;2;2;2;2;2;3;2;2;2;2;2;2;3;1;3;1;3;1;1;2;2;2;2;2;2;2;2;2;74;0
2222;544;3;1;1;1;2;2;2;4;4;4;4;3;3;3;4;2;3;3;3;2;4;3;4;4;4;4;3;2;2;4;3;4;1;1;1;1;2;2;1;2;2;1;1;2;1;0;0;0;0;1;0;1;1;0;0;1;1;1;1;1;2;3;3;4;5;3;4;5;5;4;4;4;4;4;3;3;4;4;4;4;4;1;2;2;1;2;2;4;2;2;3;2;1;1;3;1;4;1;4;1;1;2;2;2;2;2;2;2;2;2;75;0
33066;547;1;3;1;1;1;2;2;4;4;3;4;3;3;3;4;4;4;4;4;4;3;3;4;3;4;3;4;3;4;4;4;4;1;1;1;1;1;1;1;1;1;1;1;2;1;0;0;0;0;1;1;1;0;0;0;1;1;1;1;2;4;4;3;3;4;5;5;3;4;4;4;4;4;3;4;4;4;4;4;4;3;3;3;3;3;3;2;3;3;2;2;2;1;1;4;1;4;2;4;1;1;2;2;2;2;2;2;2;2;2;76;0
98298;1793;1;3;1;1;1;2;1;4;4;4;4;4;4;4;4;3;3;3;3;3;3;3;3;3;3;3;4;3;4;4;4;4;1;1;1;1;1;1;1;1;1;1;2;2;1;0;1;0;1;1;0;0;0;0;0;1;1;1;1;1;3;2;3;3;4;4;4;2;4;4;4;4;4;4;4;4;4;4;4;4;4;1;1;2;1;1;2;1;1;1;2;2;2;2;4;1;4;1;3;1;1;2;2;2;2;2;2;2;2;2;77;0
91803;1833;2;1;1;1;2;2;2;4;4;4;4;4;3;3;4;3;3;4;4;3;3;3;4;3;3;3;4;3;3;4;3;4;1;1;1;2;2;2;1;2;2;1;2;2;1;0;0;0;1;1;0;1;0;0;0;1;1;1;1;1;5;2;2;5;5;5;3;1;5;4;4;4;4;4;4;3;4;4;3;3;4;3;3;3;2;2;1;3;2;3;3;1;1;1;4;1;4;1;2;1;1;2;2;2;2;2;2;2;2;2;78;0
72170;1838;2;3;1;1;2;2;2;4;4;4;4;4;4;4;4;4;4;4;4;3;4;4;4;4;4;4;4;3;2;3;3;3;1;2;2;2;2;2;1;2;2;1;1;2;1;1;1;1;0;0;0;0;0;0;0;1;1;1;1;2;2;2;3;5;5;4;0;2;5;3;4;4;4;4;4;3;4;4;3;4;3;2;3;3;2;3;3;4;4;3;4;3;3;2;4;2;4;1;4;1;1;2;2;2;2;2;2;2;2;2;79;0
94229;1847;3;1;1;2;2;2;1;4;4;4;4;4;3;4;4;2;3;3;3;3;2;4;4;4;4;4;3;3;3;4;3;4;1;1;1;2;1;1;2;1;2;1;2;1;1;0;0;0;1;1;0;0;1;0;0;1;2;0;1;0;4;3;3;5;5;3;3;3;5;4;4;4;4;4;4;4;4;4;4;4;3;3;3;3;3;3;3;3;3;3;3;1;2;2;4;1;4;1;4;1;1;2;2;2;2;2;2;2;2;2;80;0
23637;1858;2;3;1;2;2;2;2;4;4;4;4;4;4;4;4;4;3;4;4;4;3;3;4;4;4;4;3;4;3;4;4;4;1;1;1;1;1;1;1;1;2;1;1;2;1;0;0;0;1;1;1;0;0;0;0;1;1;1;1;1;3;2;5;5;5;5;5;2;5;4;4;4;4;4;4;4;4;4;4;4;4;3;2;3;2;2;2;3;2;4;4;2;2;3;4;2;4;1;4;1;1;2;2;2;2;2;2;2;2;2;81;0
96841;1864;1;3;1;1;1;2;2;4;4;4;4;4;4;4;4;4;4;4;4;4;4;4;4;3;4;4;4;3;3;4;4;4;1;1;1;1;1;2;1;1;2;1;1;2;1;1;0;0;0;1;0;1;0;0;0;1;1;1;1;1;4;5;5;5;5;5;5;4;4;4;4;4;3;3;3;3;4;4;3;4;4;2;2;2;1;2;1;2;3;2;3;3;3;2;3;2;4;2;3;1;1;2;2;2;2;2;2;2;2;2;82;0
99160;1871;3;3;1;1;2;2;2;3;3;4;3;4;3;2;2;2;3;3;3;2;3;3;3;4;4;2;3;3;3;4;3;4;1;2;2;2;2;2;1;2;2;1;2;1;2;0;0;0;1;1;0;1;0;0;0;1;1;2;1;2;3;2;2;2;3;2;2;1;3;4;3;4;3;3;3;3;4;4;3;4;4;1;2;1;1;2;2;3;3;2;3;2;2;2;3;1;4;1;3;1;1;2;2;2;2;2;2;2;2;2;83;0
84200;1889;3;3;1;1;2;2;2;4;4;4;4;4;4;4;4;3;4;4;4;3;3;4;4;4;4;4;4;4;4;4;4;4;1;2;1;1;1;2;1;1;2;1;2;2;1;1;0;0;0;1;1;0;0;0;0;1;1;1;1;1;4;1;3;4;5;5;4;2;5;4;4;4;4;4;4;4;4;4;4;4;3;2;2;2;1;2;3;4;4;2;3;3;3;4;4;1;4;1;4;1;1;2;2;2;2;2;2;2;2;2;84;0
94937;1896;2;1;1;2;2;2;2;3;3;2;3;3;3;3;3;2;2;2;3;3;3;3;4;4;3;3;3;2;3;3;3;4;2;1;1;1;1;1;2;1;2;1;1;2;2;1;0;0;1;1;0;0;0;0;0;1;2;1;1;1;4;3;3;5;5;5;4;3;5;4;4;4;3;4;4;3;4;4;4;4;4;1;1;2;1;2;2;2;2;3;2;2;2;1;4;2;4;2;3;1;2;2;2;2;1;2;2;2;2;2;85;0
59420;1897;3;3;1;2;1;2;2;4;4;3;4;4;3;4;4;3;4;4;4;3;4;4;4;4;4;4;4;3;3;4;3;4;1;1;2;1;2;2;1;2;2;1;2;2;1;0;0;1;0;1;0;0;1;0;0;1;1;1;2;1;3;1;1;5;5;4;3;3;5;3;3;3;3;3;3;3;3;3;4;4;3;2;2;2;2;1;1;3;2;2;2;2;3;2;3;2;3;2;3;1;1;2;2;2;2;2;2;2;2;2;86;0
42433;1899;1;3;1;1;2;2;2;3;4;3;4;3;3;4;3;3;3;3;3;2;3;3;4;3;3;3;3;3;3;3;3;3;1;1;2;1;2;1;1;1;2;1;1;2;1;1;0;0;0;1;1;0;0;0;0;1;1;1;1;1;1;5;1;5;5;4;4;1;5;3;4;4;4;4;3;3;4;4;4;4;4;2;2;1;1;2;1;3;1;2;2;1;1;1;4;1;4;1;3;1;1;2;2;2;2;2;2;2;2;2;87;0
20163;1910;3;2;1;1;1;2;2;4;4;4;3;4;4;4;4;4;3;4;4;4;4;4;4;3;3;4;4;3;3;4;3;4;1;2;1;1;1;2;1;2;2;1;1;2;1;0;0;0;0;1;0;1;0;0;0;1;1;2;1;2;3;3;2;4;5;5;3;2;4;3;3;3;3;3;3;2;4;4;3;4;2;2;2;2;1;3;3;3;3;3;3;3;3;3;3;2;3;2;3;1;1;2;2;2;2;2;2;2;2;2;88;0
33609;1934;1;3;1;1;2;2;1;4;4;4;4;4;4;4;4;3;4;4;4;4;4;4;4;4;4;4;4;3;4;4;4;4;1;1;1;1;1;1;1;1;1;1;1;2;1;1;0;0;0;1;1;0;0;0;0;1;1;1;1;1;4;3;3;4;5;4;4;3;5;4;4;4;4;4;4;4;4;4;4;4;4;3;3;3;2;2;2;2;3;3;3;3;3;2;3;2;3;3;3;1;1;2;2;2;2;2;2;2;2;2;89;0
51947;1945;1;2;1;0;0;0;0;4;4;4;4;4;4;4;4;4;4;4;4;3;4;4;4;3;4;4;4;4;4;4;4;4;1;2;1;1;1;1;1;1;1;1;2;2;1;1;0;0;0;0;0;0;0;0;0;1;1;1;1;2;5;4;3;4;4;4;4;2;5;4;4;4;4;4;4;4;4;4;4;4;4;4;4;4;3;4;4;4;4;4;3;4;4;3;4;2;4;2;4;2;2;2;2;2;2;2;2;2;2;2;90;0
41857;1953;3;2;0;1;0;0;0;4;4;4;3;3;3;3;3;3;3;3;3;2;3;3;3;3;3;3;4;3;3;4;3;4;1;1;2;1;1;2;1;1;2;1;2;2;2;0;0;0;0;1;1;0;0;1;0;1;1;1;1;1;1;4;3;4;5;2;4;4;4;4;4;4;4;4;4;4;4;4;4;3;3;2;0;2;1;2;2;3;3;3;3;2;2;1;4;1;3;1;3;1;1;2;2;2;2;2;2;2;2;2;91;0
47765;3171;3;2;1;1;0;0;1;4;4;4;4;4;4;4;4;4;4;4;4;4;4;4;4;3;4;4;4;4;4;4;4;4;1;1;2;1;1;1;1;2;2;1;1;2;1;0;0;0;0;1;1;0;1;0;0;1;1;1;1;1;3;3;5;4;4;4;4;4;5;4;4;4;4;4;4;4;4;4;4;4;4;4;4;4;2;4;2;4;4;4;4;3;4;2;4;2;4;3;4;2;2;2;2;2;2;2;2;2;2;2;92;0
55859;3217;2;2;1;1;1;2;1;4;4;4;4;4;4;4;4;4;4;4;4;4;4;4;4;4;4;4;4;4;4;4;4;4;1;1;2;1;1;1;1;1;2;1;1;2;1;0;0;0;1;1;0;1;0;0;0;1;1;1;1;1;4;4;5;5;5;5;5;4;5;4;4;4;4;4;4;4;4;4;4;4;3;2;2;1;1;2;3;4;4;1;4;2;2;1;2;1;4;1;2;1;1;1;1;1;1;1;1;1;1;1;93;0
34747;3246;4;3;1;2;2;2;1;4;4;4;4;4;3;3;3;3;3;4;4;4;3;4;4;4;4;3;3;3;3;4;4;3;1;2;1;1;2;2;1;1;2;1;1;2;1;0;1;0;1;1;0;0;0;0;0;1;1;1;1;1;3;2;4;4;5;5;4;5;5;4;4;4;4;3;3;4;4;4;4;4;4;3;2;2;2;3;4;4;4;2;3;2;3;4;3;2;3;2;3;2;1;2;2;2;2;2;2;2;2;2;94;0
57516;3259;1;2;1;1;2;2;2;3;4;3;3;4;4;4;4;4;3;4;4;2;4;4;4;4;4;4;4;3;3;4;4;4;1;1;1;2;2;2;1;2;2;1;1;2;2;0;1;0;0;1;1;0;0;0;0;1;1;1;1;2;5;4;5;5;5;1;4;0;0;4;4;4;4;4;4;4;4;4;4;4;3;2;2;3;2;2;2;3;3;2;2;2;2;2;3;0;1;2;3;2;2;2;2;2;2;2;2;2;2;2;95;0
42707;3343;4;3;1;1;0;0;0;4;4;4;4;4;4;4;4;4;4;4;4;4;3;3;4;4;4;4;4;3;4;4;4;4;1;1;1;1;0;0;1;1;0;1;1;0;0;1;0;0;0;1;0;1;0;0;0;0;1;1;1;2;4;0;0;5;5;4;5;3;4;4;4;4;4;4;4;4;4;4;4;4;4;3;3;3;2;3;2;4;4;2;2;2;3;1;3;0;3;0;3;0;0;2;2;2;2;2;2;2;2;2;96;0
64579;3487;3;1;1;1;2;2;2;4;4;4;4;4;3;4;4;3;3;4;4;3;4;4;4;4;4;4;3;2;3;4;3;4;1;1;2;1;1;1;1;2;2;1;1;2;1;0;0;0;1;0;1;1;0;0;0;1;1;2;2;2;1;1;1;5;5;5;2;2;1;4;4;4;4;4;3;4;4;4;4;4;4;2;2;3;1;3;2;1;1;1;2;1;2;3;3;1;4;1;3;1;1;2;2;2;2;2;2;2;2;2;97;0
4258;3513;2;3;1;1;1;2;1;4;4;4;4;3;3;3;3;2;3;3;3;3;3;3;3;3;3;3;3;3;3;3;2;4;1;1;1;1;1;1;1;1;2;1;2;2;1;0;1;0;1;0;0;1;0;0;0;1;2;2;2;1;3;1;1;4;4;3;3;3;5;3;4;3;3;3;3;3;4;4;3;4;3;2;2;2;1;1;1;2;3;2;2;2;2;2;3;2;4;1;3;1;1;2;2;2;2;2;2;2;2;2;98;0
28039;3530;1;3;1;1;1;2;2;4;4;4;4;4;4;4;4;4;3;4;4;3;3;4;4;3;3;4;4;3;4;4;4;4;1;1;2;2;1;2;1;2;2;1;1;2;1;1;0;0;0;1;0;1;0;0;0;1;1;2;1;2;3;3;3;2;2;2;3;1;3;4;4;4;4;4;4;4;4;4;4;4;4;3;3;3;3;2;2;4;3;4;4;3;3;3;4;1;4;1;4;1;1;2;2;2;2;2;2;2;2;2;99;0
48696;3551;4;2;1;1;1;2;2;4;4;4;4;4;4;4;4;3;2;4;4;3;3;4;4;3;3;4;4;4;3;4;4;4;1;1;1;1;1;2;1;1;2;1;1;2;1;0;0;1;0;1;0;1;0;0;0;1;1;2;1;2;3;5;5;5;5;5;5;1;5;3;3;4;3;4;4;4;4;4;3;4;3;2;2;1;1;3;4;4;4;1;3;1;2;2;3;4;4;2;2;1;1;2;2;2;2;2;2;2;2;2;100;0
23112;4802;1;3;1;2;2;2;2;3;2;3;3;4;3;4;4;2;3;2;2;2;4;4;4;3;4;4;2;2;4;3;3;4;1;1;1;1;2;2;1;2;2;1;2;2;1;0;0;0;0;1;1;0;1;0;0;2;2;2;2;2;3;3;3;5;4;3;5;2;5;3;3;3;3;3;3;4;4;4;4;4;3;1;2;2;1;4;2;3;2;1;2;2;2;3;3;2;3;2;3;2;2;2;2;2;2;2;2;2;2;2;101;0
90234;5599;3;3;1;2;2;2;2;4;4;4;4;4;4;4;4;3;3;3;3;3;4;4;4;4;3;4;4;3;3;4;4;4;1;1;2;1;1;1;1;2;1;1;1;2;1;0;0;1;0;1;0;1;0;0;0;1;1;1;1;1;0;5;0;5;5;0;0;5;5;4;4;4;4;4;4;4;4;4;3;3;3;1;2;2;1;1;1;3;2;3;2;2;2;1;4;2;3;1;3;1;1;2;2;2;2;2;2;2;2;2;102;0
63746;5812;3;2;1;1;0;0;0;4;4;4;4;4;4;3;3;3;3;3;3;3;3;3;3;3;3;3;4;3;4;4;4;4;1;1;1;1;1;2;1;1;1;1;1;2;1;1;0;0;0;1;0;1;0;0;0;1;1;1;1;1;3;0;4;4;4;4;4;3;0;3;3;3;3;3;3;3;4;4;4;4;4;2;2;3;2;2;2;4;3;2;3;3;3;2;4;1;4;1;4;1;1;2;2;2;2;2;2;2;2;2;103;0
5622;6569;3;3;1;0;0;0;1;4;4;4;4;4;4;4;4;3;4;4;4;3;4;4;4;4;4;4;3;3;3;4;3;4;1;1;1;1;1;1;1;2;2;1;1;0;1;0;0;0;0;1;1;1;0;0;0;1;1;1;1;1;3;4;3;3;3;4;4;3;4;3;3;3;3;3;3;3;4;4;4;4;4;2;2;2;1;2;2;0;99;0;3;2;3;1;3;1;4;2;3;1;1;2;2;2;0;2;2;2;2;2;104;0
24013;6601;2;3;1;2;2;2;1;3;3;3;3;3;3;3;3;3;2;3;3;3;3;3;3;3;3;3;3;3;3;3;3;4;2;2;2;2;1;2;1;2;2;1;2;2;1;0;1;0;1;0;0;1;0;0;0;1;1;1;1;1;3;2;3;3;2;3;2;1;3;3;3;4;3;4;3;4;3;3;2;2;1;2;2;2;2;2;2;2;2;2;2;2;2;1;3;1;3;1;2;1;2;2;2;2;2;2;2;2;2;2;105;0
92289;6700;3;2;1;1;0;0;1;4;4;4;4;4;4;4;4;4;4;4;4;3;3;3;4;4;3;4;3;3;4;4;4;4;1;1;2;1;2;1;1;1;1;2;1;2;1;0;0;0;1;1;0;1;0;0;0;1;1;1;1;1;3;3;5;5;5;5;5;3;5;4;4;4;4;4;4;4;3;4;3;4;2;2;4;3;1;3;2;4;4;3;4;2;3;3;3;1;3;1;3;1;1;2;2;2;2;2;2;2;2;2;106;0
23494;6912;2;3;1;2;2;2;2;4;4;3;4;4;3;4;3;2;3;3;3;2;4;4;4;4;4;3;3;1;3;4;3;4;2;2;2;2;2;2;1;2;2;1;1;2;1;0;1;0;0;1;0;1;0;0;0;1;1;1;1;1;4;1;5;5;5;3;4;1;5;3;4;3;4;3;3;3;4;4;4;4;4;3;3;2;1;1;2;3;3;3;3;3;3;3;3;1;4;1;3;1;1;2;2;2;2;2;2;2;2;2;107;0
46721;6914;1;3;1;1;2;2;2;4;4;3;3;4;3;4;4;4;3;3;4;3;3;3;4;4;4;4;4;3;3;4;3;4;1;1;1;1;1;2;1;2;2;1;1;2;1;0;0;0;0;1;1;0;1;0;0;1;1;1;2;2;3;2;1;5;5;5;2;1;5;4;4;4;4;4;4;4;4;4;4;4;4;2;3;2;1;3;2;3;2;2;3;1;2;1;4;1;4;1;4;1;1;2;2;2;2;2;2;2;2;2;108;0
48697;6956;3;3;2;2;2;2;2;4;4;4;4;3;3;3;3;3;4;3;3;4;4;4;4;3;4;3;3;3;3;4;3;4;1;2;1;2;1;1;1;2;2;1;1;2;1;0;0;1;0;1;0;1;0;0;0;1;1;1;1;1;5;3;4;5;5;3;4;3;4;4;4;4;4;4;2;4;4;4;4;4;2;2;2;2;1;2;2;3;3;1;3;3;3;1;4;1;4;2;3;1;1;2;2;2;2;2;2;2;2;2;109;0
3142;7059;3;3;1;1;2;1;1;4;4;3;3;4;4;4;4;2;3;4;3;3;4;4;4;4;4;3;4;4;3;4;4;4;1;2;2;1;1;2;1;2;2;1;2;2;1;0;1;0;0;1;0;1;0;0;0;1;2;1;1;1;3;3;3;3;3;3;3;3;3;3;3;4;4;3;1;2;4;4;4;4;4;3;3;3;1;4;4;4;4;2;3;3;3;2;4;1;4;1;4;1;1;2;2;2;2;2;2;2;2;2;110;0
60063;7152;1;2;1;2;2;2;2;4;4;4;4;3;3;3;3;3;3;4;4;3;3;3;4;3;3;3;4;3;3;4;4;4;1;1;2;2;2;2;1;2;2;1;2;2;1;0;1;0;1;0;0;0;1;0;0;1;1;1;2;1;4;3;2;5;4;4;5;4;4;4;4;4;4;3;4;4;4;4;4;4;4;2;2;2;1;2;1;3;3;2;2;2;2;2;4;2;4;2;4;2;2;2;2;2;2;2;2;2;2;2;111;0
62489;7203;1;2;2;2;2;2;2;4;4;4;4;4;3;3;3;4;3;3;3;2;3;3;3;2;3;3;3;2;2;3;2;4;2;1;2;2;2;1;1;2;2;1;1;2;1;0;0;1;0;1;0;1;0;0;0;1;1;1;2;2;3;2;2;3;2;4;3;2;3;3;3;3;2;3;3;4;4;4;4;4;4;2;1;1;2;3;2;3;3;2;2;2;3;2;3;2;3;2;2;1;1;2;2;2;2;2;2;2;2;2;112;0
30317;7348;3;3;1;1;1;2;2;4;4;4;4;4;4;4;4;3;4;3;4;2;3;4;4;4;4;4;3;2;3;4;2;4;1;1;1;1;2;1;2;1;2;1;2;2;2;1;0;0;1;1;0;0;0;0;0;2;2;2;2;2;4;1;1;4;1;1;1;3;5;2;3;4;3;3;3;3;4;4;4;4;4;3;2;2;2;3;3;3;3;1;2;2;2;2;4;2;3;2;3;1;1;1;1;1;2;1;1;1;1;1;113;0
10963;7354;4;2;1;2;2;2;2;3;3;3;3;4;4;4;4;3;2;3;3;2;4;4;3;4;4;4;3;3;3;3;4;4;1;2;2;2;1;1;1;2;1;1;2;2;1;0;0;1;1;0;0;1;0;0;0;2;1;1;1;1;3;1;3;4;4;3;4;5;4;4;4;4;4;4;4;3;2;3;2;3;2;1;1;1;1;2;1;1;1;2;2;1;1;3;3;1;3;1;2;1;1;2;2;2;2;2;2;2;2;2;114;0
21931;7678;3;0;1;0;0;0;1;4;4;4;4;4;4;3;4;4;4;4;4;4;3;3;4;4;4;4;4;3;3;4;3;4;1;1;1;1;1;2;1;1;2;1;1;0;1;1;0;0;0;0;1;1;0;0;0;0;0;0;0;0;5;0;5;4;5;2;5;4;5;3;0;4;3;4;3;4;3;4;4;4;4;1;2;2;1;3;3;4;4;1;2;3;3;1;3;2;4;1;3;1;2;2;2;2;2;2;2;2;2;2;115;0
41283;402;2;2;1;2;2;2;2;4;4;4;4;4;3;3;4;3;3;3;3;3;3;3;3;3;3;3;3;3;3;4;4;4;1;2;1;1;1;2;1;1;1;2;2;2;1;0;0;0;1;1;0;1;0;0;0;1;1;1;1;1;4;3;2;4;2;3;2;2;4;3;3;4;3;3;3;3;3;3;3;3;3;2;2;2;1;2;2;3;3;3;3;2;3;1;3;1;4;1;3;1;1;2;2;2;2;2;2;1;2;2;116;0
76418;417;1;3;1;1;0;0;0;4;4;4;4;3;4;4;4;3;4;3;4;2;4;4;4;4;4;4;3;3;4;4;3;4;1;1;1;1;1;2;1;1;2;1;1;2;1;1;0;0;0;1;0;1;0;0;0;2;0;0;0;0;4;1;3;4;1;4;1;1;4;3;3;4;3;3;3;3;3;3;3;3;3;2;3;2;2;2;3;3;3;2;3;2;2;3;3;1;3;1;3;1;1;2;2;2;2;2;2;2;2;2;117;0
11445;433;3;2;1;1;1;0;1;4;4;3;4;4;3;4;4;3;3;3;3;3;3;3;3;3;3;3;3;3;3;4;4;4;1;1;1;1;1;1;1;1;2;1;2;2;1;1;0;0;0;1;0;0;1;0;0;1;1;1;1;2;3;1;3;4;4;2;2;2;4;4;3;3;3;4;4;4;4;4;4;4;4;3;2;3;2;3;3;3;3;2;2;2;2;2;4;1;4;2;3;1;1;2;2;2;2;2;2;2;2;2;118;0
2830;483;1;3;1;1;99;2;2;4;4;4;4;4;4;4;4;3;3;3;4;2;4;4;4;4;4;4;4;3;3;4;3;4;2;1;1;1;2;2;1;1;2;1;2;2;1;1;0;0;0;1;1;0;0;0;0;1;1;2;1;2;1;3;3;3;3;3;1;1;4;4;4;4;4;4;4;4;4;4;4;4;4;2;2;2;1;3;2;3;2;1;3;3;3;2;4;1;4;1;3;1;1;2;2;2;2;2;2;2;2;2;119;0
14821;494;3;1;1;1;2;2;2;3;3;3;3;3;2;3;3;1;2;2;3;2;3;3;3;3;3;3;3;2;3;2;3;4;1;2;2;2;2;2;2;2;2;1;0;0;0;0;0;1;0;0;1;1;0;0;0;1;2;2;2;2;4;3;3;5;5;3;4;1;5;3;3;3;3;3;3;3;2;3;2;2;2;2;2;2;1;2;2;3;2;4;2;1;2;2;4;1;4;1;4;1;2;2;2;2;2;2;2;2;2;2;120;0
51101;495;2;1;1;2;2;2;1;4;4;3;3;3;2;3;3;2;2;3;3;3;3;3;3;3;3;2;3;3;3;4;4;4;1;2;1;1;2;1;1;2;2;1;2;1;1;0;0;0;0;0;1;1;1;0;0;1;1;1;1;1;4;3;3;4;3;4;3;1;4;4;4;4;4;4;4;4;4;4;4;4;4;2;2;2;1;2;2;3;3;2;2;2;2;2;4;1;4;1;4;1;1;2;2;2;2;2;2;2;2;2;121;0
6421;500;3;1;1;1;1;1;1;3;3;3;4;4;3;4;4;3;4;4;4;4;4;4;4;4;4;4;4;3;4;4;4;4;1;1;1;1;1;2;1;2;2;1;1;2;1;1;1;0;0;0;0;1;0;0;0;1;1;1;1;1;3;2;4;4;4;4;4;1;4;4;4;4;4;4;4;4;4;4;4;4;4;3;4;2;1;1;3;4;2;2;4;2;4;2;3;1;4;1;3;1;1;2;2;2;2;2;2;2;2;2;122;0
85581;502;1;2;1;0;0;0;1;4;4;3;4;4;4;4;4;3;4;4;4;2;3;4;4;4;3;4;4;3;3;4;3;4;1;1;1;2;2;2;1;1;2;2;2;2;1;0;0;0;1;1;0;1;0;0;0;1;2;1;1;2;2;2;2;4;5;3;4;1;5;3;3;4;4;3;3;3;3;3;3;99;2;2;2;2;2;2;2;2;2;2;3;2;2;2;3;2;4;2;2;2;2;2;2;2;2;2;2;2;2;2;123;0
82259;509;1;1;1;1;1;2;1;3;4;4;3;4;3;4;4;2;2;2;3;3;3;3;3;3;3;3;3;3;3;3;3;3;1;1;1;1;1;1;1;1;2;1;1;2;1;0;0;0;1;1;0;0;1;0;0;1;1;1;1;1;4;3;3;3;3;3;3;3;3;3;3;4;3;4;3;4;4;4;4;4;4;2;1;2;1;2;1;3;1;1;3;2;2;1;3;2;3;2;3;1;3;2;2;2;2;2;2;2;2;2;124;0
10358;539;3;1;1;1;2;2;2;3;4;4;3;4;3;4;4;3;3;3;2;2;3;3;3;3;3;3;3;2;3;3;3;4;1;1;2;1;1;2;1;2;2;1;1;2;1;0;0;0;0;1;1;1;0;0;0;1;1;1;1;2;1;2;2;5;3;1;2;1;5;3;3;3;3;3;3;3;4;4;4;4;4;0;0;0;0;0;0;0;0;0;0;0;0;0;0;0;0;0;0;0;0;0;0;0;0;0;0;0;0;0;126;0
9289;543;3;1;1;1;0;0;1;4;4;4;4;4;4;4;4;4;4;4;4;4;4;4;4;4;4;4;4;4;4;4;4;4;1;1;1;1;1;1;1;1;2;1;2;2;1;1;1;0;0;0;0;1;0;0;0;1;1;1;1;1;5;1;1;5;5;5;5;5;5;4;4;4;4;4;4;4;4;4;4;4;4;4;4;4;4;4;4;4;4;4;4;4;4;4;4;2;4;3;4;1;1;2;2;2;2;2;2;2;2;2;127;0
51417;557;1;2;1;2;2;2;1;4;4;3;3;4;4;4;4;3;3;3;3;3;3;3;4;3;3;4;4;3;3;3;3;4;1;0;1;1;1;2;1;2;0;0;0;2;0;1;0;1;0;1;0;0;0;0;0;1;1;1;1;1;5;2;2;4;5;5;4;2;4;3;4;4;4;4;4;3;4;4;4;4;4;3;3;3;2;2;2;3;3;2;2;2;2;2;4;2;4;2;4;2;2;2;2;2;2;2;2;2;2;2;128;0
1689;558;3;1;1;0;0;0;1;4;4;4;4;4;3;4;4;4;4;0;3;4;4;4;4;4;3;4;4;4;4;3;4;4;1;2;1;1;1;2;2;1;2;1;2;2;1;0;0;0;1;1;0;0;1;0;0;2;2;2;2;2;3;3;4;4;3;4;4;2;5;4;4;4;4;4;4;4;4;4;4;4;4;3;3;3;2;3;2;3;4;3;2;1;2;2;4;1;4;1;3;4;1;1;1;1;2;1;1;1;1;1;129;0
88320;569;3;1;1;2;1;2;1;4;4;4;4;4;4;4;4;4;3;4;4;2;3;3;4;3;4;4;3;2;2;4;2;4;2;2;2;1;1;2;1;1;2;1;2;1;2;1;0;0;1;1;0;0;0;0;0;1;1;1;1;1;1;1;3;5;5;3;3;3;4;4;3;3;3;3;3;3;4;4;2;3;3;2;1;1;1;2;3;2;2;1;3;3;2;1;3;2;2;3;2;2;2;2;1;2;2;2;2;2;1;2;130;0
26948;577;0;3;1;2;2;2;1;4;4;3;4;4;3;3;3;3;3;3;3;3;3;3;3;3;3;3;99;4;4;4;4;4;1;1;1;1;1;1;1;2;1;1;1;2;1;0;1;0;1;1;0;0;0;0;0;1;1;1;1;2;3;3;4;5;3;3;3;3;3;3;3;3;3;3;3;3;4;4;4;4;4;2;3;3;2;2;2;3;3;1;3;2;3;2;3;2;3;2;3;2;2;2;2;2;2;2;2;2;2;2;131;0
99968;586;3;2;1;1;2;2;1;4;4;4;4;4;4;4;4;3;3;3;4;2;4;4;4;4;4;4;4;3;3;4;3;4;1;2;1;1;1;1;1;2;2;1;1;2;2;1;0;0;0;0;1;1;1;0;0;0;1;2;1;2;5;2;4;5;4;4;4;3;4;4;4;4;4;4;4;3;4;4;3;4;3;2;3;3;1;2;2;3;3;2;4;2;2;1;4;1;4;1;3;1;1;2;2;2;2;2;2;2;2;2;132;0
42868;591;3;3;1;2;2;2;1;4;4;4;4;3;4;4;4;3;3;3;3;2;3;3;4;3;3;3;4;3;3;4;3;4;1;2;1;1;1;1;1;2;2;1;2;2;1;0;0;1;1;1;0;0;0;0;0;1;2;1;1;1;4;3;3;5;5;4;5;1;5;3;3;3;3;4;3;4;4;4;4;4;3;2;2;1;1;1;2;2;2;2;2;1;2;2;4;2;4;2;3;1;1;2;2;2;1;2;2;2;2;2;133;0
9384;623;3;3;1;1;2;2;2;4;4;4;4;4;4;4;4;4;4;4;4;3;4;4;4;4;4;4;4;3;3;4;4;4;1;1;2;1;1;2;1;1;1;1;1;2;1;0;0;1;0;0;0;1;1;0;0;1;1;1;1;1;3;5;4;5;5;4;5;3;5;4;4;4;4;3;3;4;4;4;4;4;4;3;4;3;3;4;2;4;4;4;3;3;3;2;4;1;4;1;4;1;1;2;2;2;2;2;2;2;2;2;134;0
53156;629;1;2;1;1;0;0;0;4;4;4;4;4;3;4;4;3;3;4;4;3;3;3;4;4;4;4;4;3;4;4;4;4;1;1;2;1;1;2;1;1;2;1;1;2;1;0;0;1;0;1;0;0;1;0;0;1;1;1;1;1;4;2;5;5;5;5;5;5;4;4;4;4;4;4;3;3;4;4;4;4;4;2;2;3;2;3;3;3;3;2;2;3;3;0;3;1;4;1;1;1;1;2;2;2;2;2;2;2;2;2;135;0
54146;630;1;3;1;2;1;2;1;4;4;4;4;4;3;4;4;3;3;3;4;3;3;3;4;3;3;4;4;3;3;4;3;4;1;1;1;1;2;2;1;1;2;1;1;2;1;1;1;0;0;1;0;0;0;0;0;1;1;2;2;2;4;2;3;4;5;5;4;1;5;2;4;4;3;3;3;3;4;4;4;4;4;1;2;2;1;3;3;3;3;2;2;3;3;3;4;1;4;2;3;1;1;2;2;2;2;2;2;2;2;2;136;0
37885;633;3;3;0;1;1;0;1;4;4;4;4;4;4;4;4;3;3;3;3;3;3;3;3;3;4;4;3;3;4;4;4;3;1;2;2;2;1;2;2;2;2;2;1;2;2;0;0;0;0;1;1;0;1;0;0;2;1;2;2;2;4;2;2;4;5;3;4;3;3;3;3;3;3;3;2;2;3;3;3;3;2;2;2;2;2;3;3;3;3;1;2;2;2;2;3;1;3;1;2;1;1;2;2;2;2;2;2;2;2;2;137;0
79595;634;3;3;1;0;0;0;1;4;4;4;4;3;4;4;4;3;3;3;3;2;4;3;4;4;4;4;4;2;2;4;2;4;1;1;2;2;1;1;1;2;1;1;1;2;1;0;0;1;1;0;0;1;0;0;0;1;1;1;1;2;3;3;3;3;3;2;3;2;4;4;4;4;3;4;4;3;4;4;3;4;3;1;2;1;1;1;3;3;4;1;3;3;3;1;3;2;4;1;3;1;1;2;2;2;1;2;2;2;2;2;138;0
12072;2021;3;2;1;1;1;1;1;4;4;4;4;4;4;4;4;3;3;3;3;3;3;3;3;3;3;3;4;3;4;4;4;4;1;1;2;1;1;2;1;1;2;1;1;2;1;0;0;0;1;1;0;1;0;0;0;1;1;1;1;2;4;4;3;5;3;2;3;2;4;4;4;4;4;4;4;3;4;4;3;3;3;2;2;1;1;2;2;1;1;1;3;2;2;2;3;1;3;2;3;2;2;2;2;2;2;2;2;2;2;2;139;0
43126;2033;3;2;1;1;1;0;1;4;4;4;4;3;3;4;4;2;3;2;3;2;3;3;3;3;4;4;3;3;3;4;3;4;1;1;1;1;2;1;1;2;2;2;1;2;1;0;0;0;1;1;0;1;0;0;0;1;1;1;1;1;3;3;3;4;5;5;3;4;5;4;4;4;4;4;4;3;4;4;3;4;3;2;3;3;2;3;3;3;3;3;3;2;2;2;4;1;4;1;4;1;1;2;2;2;2;2;2;2;2;2;140;0
58262;2086;3;2;1;1;1;0;1;4;4;4;4;3;3;4;4;2;3;2;3;2;3;3;3;3;4;4;3;3;3;4;3;4;1;1;1;1;2;1;1;2;2;2;1;2;1;0;0;0;1;1;0;1;0;0;0;1;1;1;1;1;3;3;3;4;5;5;3;4;5;4;4;4;4;4;4;3;4;4;3;4;3;2;3;3;2;3;3;3;3;3;3;2;2;2;4;1;4;1;4;1;1;2;2;2;2;2;2;2;2;2;141;0
24911;2091;1;1;1;1;2;2;2;3;4;3;4;3;2;3;3;3;3;3;3;2;3;3;3;3;3;3;3;2;3;3;2;3;1;1;2;2;1;2;1;1;2;1;2;2;2;0;0;1;1;1;0;0;0;0;0;2;2;2;2;2;2;3;3;4;2;3;4;1;3;3;3;3;3;3;3;3;4;3;3;4;3;2;2;0;1;2;2;2;2;1;2;2;2;2;3;2;3;2;3;1;1;2;2;2;2;2;2;2;2;2;142;0
67423;2099;1;2;2;1;2;2;2;2;2;3;2;3;3;2;3;2;2;2;2;2;3;3;3;2;3;2;3;2;3;3;2;3;1;2;2;2;2;2;1;2;2;1;2;1;1;0;0;0;0;0;1;1;1;0;0;0;2;2;1;2;1;1;3;3;3;1;3;3;3;3;4;4;4;4;4;3;3;4;3;3;0;3;3;2;1;2;2;3;2;2;1;2;2;1;3;1;3;1;3;1;1;2;2;2;2;2;2;2;2;2;143;0
93076;2129;3;3;1;2;2;2;2;4;4;3;3;3;3;3;3;4;3;3;3;3;3;3;3;2;3;3;3;3;3;3;3;3;1;1;2;2;2;2;1;2;0;1;0;0;0;0;0;0;0;1;0;1;1;0;0;1;1;1;1;2;1;1;1;4;4;4;4;1;4;4;4;4;4;4;4;4;4;4;4;4;3;3;3;3;2;3;2;4;2;2;2;2;1;1;3;2;3;2;3;2;2;2;2;2;2;2;2;2;2;2;144;0
6036;2157;3;3;1;0;0;0;0;0;0;0;0;4;0;0;0;0;0;4;0;0;0;0;4;0;0;0;0;0;0;0;0;4;1;0;0;0;0;0;0;0;0;1;0;0;0;1;1;0;0;1;0;0;0;0;0;0;1;0;0;0;4;0;0;0;0;0;0;0;0;0;0;4;0;0;0;0;0;0;0;4;0;0;0;2;0;0;0;0;0;0;0;0;0;0;0;0;0;0;4;0;0;0;0;0;0;0;2;0;0;0;145;0
66825;2163;1;3;2;2;2;2;2;3;3;3;3;3;3;3;3;2;3;3;3;2;3;3;3;3;3;3;3;3;3;3;3;3;1;1;1;1;1;1;1;2;2;1;1;2;1;0;0;0;1;1;0;1;0;0;0;1;1;1;1;1;3;2;2;3;4;3;4;2;4;3;3;4;3;3;3;3;4;4;4;4;4;2;3;2;1;2;1;3;3;2;2;2;2;2;3;2;3;2;3;2;2;2;2;2;2;2;2;2;2;2;146;0
94939;2168;1;3;2;2;2;2;2;4;3;3;3;3;3;3;3;2;3;3;3;3;4;3;4;4;4;3;3;3;4;4;3;4;1;1;2;2;2;2;1;2;2;1;1;2;1;1;0;1;0;0;1;0;0;0;0;2;2;2;2;2;1;1;3;4;4;1;3;2;3;4;4;4;3;4;4;4;4;4;4;4;4;3;2;3;2;1;3;4;4;2;3;3;3;2;4;1;4;1;3;1;1;2;2;2;2;2;2;2;2;2;147;0
84479;2202;3;3;99;99;2;2;1;4;4;4;4;4;4;4;4;4;3;4;4;3;3;4;4;4;4;4;4;4;4;4;4;4;1;2;1;1;2;1;1;2;2;1;1;2;1;0;0;0;0;1;1;1;1;0;0;1;1;1;1;2;3;3;5;4;4;4;4;1;5;3;4;3;2;3;4;4;4;4;3;4;2;2;2;2;1;3;3;4;4;1;3;3;3;2;4;1;4;1;4;1;1;2;2;2;2;2;2;2;2;2;148;0
84104;2204;3;2;1;1;2;2;2;3;4;4;3;4;3;3;3;3;4;4;3;4;3;2;3;2;2;2;3;2;3;3;3;3;1;1;2;1;1;2;1;1;1;1;1;1;1;0;1;0;0;1;0;0;0;0;1;2;1;1;1;2;4;4;3;5;5;4;4;5;3;3;3;2;3;3;3;3;4;4;4;4;4;1;1;1;1;2;2;1;3;2;2;1;1;2;3;3;3;2;2;1;3;1;2;1;1;2;2;2;1;2;149;0
3604;2205;1;3;1;0;0;0;1;4;4;4;4;4;4;4;4;3;4;4;4;3;4;4;4;4;4;4;4;4;4;4;4;4;1;2;2;1;1;2;1;2;2;1;2;2;1;0;1;0;0;1;1;0;0;0;0;1;1;1;1;1;3;3;4;3;2;3;3;2;3;4;4;4;4;4;4;4;4;4;3;4;4;3;2;2;2;2;2;4;3;2;3;2;3;1;4;1;4;2;4;1;1;2;2;2;2;2;2;2;2;2;150;0
52577;2222;3;3;1;1;1;0;0;4;4;3;4;4;4;4;4;4;3;3;4;4;4;4;4;4;4;4;4;4;4;4;4;4;1;1;1;1;1;1;1;1;2;1;1;1;1;0;1;0;1;1;0;0;0;0;0;1;1;1;1;1;5;4;5;5;5;5;5;5;5;4;4;4;4;4;4;4;4;4;4;4;4;4;3;4;2;2;4;4;4;2;4;4;4;2;4;1;4;1;4;1;1;2;2;2;2;2;2;2;2;2;151;0
99217;2251;99;0;1;1;2;2;2;4;4;4;4;4;3;4;4;4;3;3;4;3;3;4;4;3;3;4;4;3;3;3;3;4;1;1;1;1;1;2;1;1;2;1;1;2;1;0;1;0;0;1;0;1;0;0;0;1;1;1;1;2;3;1;4;5;4;5;4;1;4;4;4;4;4;4;4;3;4;4;4;4;3;4;2;3;1;3;2;3;3;2;4;3;4;2;4;1;4;1;4;1;1;2;2;2;2;2;2;2;2;2;152;0
36041;2259;3;2;2;2;2;2;2;4;4;4;4;3;3;4;4;4;4;4;4;3;3;3;3;3;3;4;4;2;3;4;3;4;1;1;2;2;2;2;1;2;2;1;2;1;1;0;1;0;1;0;0;1;0;0;0;2;2;2;1;2;4;4;4;4;5;4;4;4;4;4;4;4;4;4;4;4;3;4;4;4;4;2;3;3;1;1;2;2;3;3;3;2;2;3;4;1;4;1;4;1;1;2;2;2;2;2;2;2;2;2;153;0
75145;2289;3;1;1;2;2;2;2;4;4;4;4;4;4;4;4;4;4;4;4;4;3;3;3;4;3;4;4;3;4;4;4;4;1;1;1;1;1;1;1;2;2;1;2;1;1;0;0;0;0;1;0;1;0;0;1;1;1;1;1;1;5;3;3;5;5;5;5;5;5;4;4;4;4;4;4;4;4;4;4;4;4;4;4;4;2;4;3;4;4;3;4;4;4;1;4;1;4;1;4;1;1;2;2;2;2;2;2;2;2;2;154;0
4475;2306;3;2;1;1;2;2;2;3;3;3;3;4;4;4;4;2;3;3;3;2;3;4;4;4;4;4;4;3;4;4;4;4;1;1;1;1;1;2;1;1;1;1;2;1;1;0;0;1;0;0;1;1;0;0;0;1;1;1;1;1;5;3;3;4;5;5;4;2;5;4;4;4;4;4;3;4;4;4;4;4;4;3;3;3;2;3;2;4;3;2;3;3;3;2;4;1;4;1;4;1;1;2;2;2;2;2;2;2;2;2;155;0
68695;2993;99;2;1;0;0;0;0;4;4;4;4;4;3;3;4;2;4;3;4;3;3;3;3;4;4;4;4;3;2;4;4;4;1;2;2;2;2;2;1;2;2;1;2;2;1;1;0;0;1;0;0;0;1;0;0;2;2;2;1;2;1;99;1;4;4;5;0;1;4;4;4;4;4;4;4;4;4;4;4;4;4;2;2;2;1;2;2;3;3;2;3;2;3;1;4;1;4;1;3;1;1;1;1;1;1;1;1;1;1;1;156;0
65104;2996;3;3;1;1;2;2;2;4;4;4;4;4;4;4;4;3;4;4;3;2;4;3;4;3;4;3;4;3;3;4;3;4;1;1;1;2;1;2;1;2;1;1;1;2;2;0;1;0;0;1;0;0;1;0;0;1;1;1;1;1;5;3;4;5;4;5;5;3;5;4;3;4;4;4;3;4;4;4;3;4;4;4;3;3;3;3;3;3;3;2;3;3;3;2;4;2;4;2;3;1;2;2;2;2;2;2;2;2;2;2;157;0
61452;3007;1;2;1;2;2;2;2;4;4;4;4;4;3;4;4;3;3;3;4;4;3;3;3;3;3;4;4;4;4;4;4;4;1;1;1;1;1;2;1;1;2;1;1;2;1;0;0;0;1;0;1;0;0;1;0;1;1;1;1;1;4;4;4;4;4;4;4;2;5;4;4;4;3;4;4;4;4;4;4;4;4;3;3;3;2;3;2;3;2;4;3;3;3;2;4;1;4;1;4;1;1;2;2;2;2;2;2;2;2;2;158;0
49605;3008;1;2;1;99;2;2;2;4;4;4;4;4;3;4;4;3;4;3;3;3;4;4;4;3;4;4;4;3;4;4;4;4;1;1;1;2;1;2;1;2;2;1;1;2;1;0;0;0;1;1;0;1;0;0;0;1;1;1;1;1;5;5;5;5;4;4;5;3;5;99;99;99;99;99;3;4;4;4;4;4;3;2;2;2;2;2;2;2;2;2;2;2;2;2;3;2;4;2;3;1;1;2;2;2;2;2;2;2;2;2;159;0
43448;3022;1;3;1;2;2;2;2;4;4;4;4;4;4;4;4;2;3;3;3;3;4;4;4;4;4;4;4;3;3;4;3;4;1;1;1;1;1;1;1;1;1;1;1;2;1;1;1;0;0;1;0;0;0;0;0;1;1;1;1;2;4;3;4;5;5;5;4;3;4;4;4;4;4;3;3;3;4;4;4;4;3;3;3;3;2;3;3;4;3;1;4;3;3;2;4;3;4;2;3;1;2;2;1;2;2;2;2;2;2;2;160;0
14844;3057;3;2;1;2;2;2;2;2;2;2;3;3;2;3;3;2;2;2;2;2;2;2;2;3;3;3;4;3;3;3;4;4;1;1;1;1;1;1;1;1;2;1;1;2;1;1;1;0;1;0;0;0;0;0;0;2;2;2;2;2;4;2;2;4;4;1;3;1;4;4;4;4;4;4;4;4;4;4;4;4;4;2;2;2;1;3;3;3;3;2;1;1;1;1;2;2;3;2;2;1;2;2;2;2;2;2;2;2;2;2;161;0
54765;3085;1;3;1;1;2;2;2;4;4;4;4;3;4;4;3;2;3;3;4;2;3;4;4;4;4;4;3;4;4;4;3;4;1;1;1;1;1;1;1;1;2;1;2;2;2;1;0;1;0;1;0;0;0;0;0;1;2;1;2;1;5;2;3;4;5;5;4;1;4;3;3;4;3;3;3;4;4;4;4;4;4;2;2;1;1;3;3;4;4;3;4;2;4;1;3;2;3;3;3;1;1;2;2;2;2;2;2;2;2;2;162;0
60023;3104;1;1;1;1;1;2;1;4;4;4;4;4;4;4;4;4;4;4;4;4;3;4;4;4;3;4;4;4;4;3;4;4;1;2;1;1;2;1;1;1;2;1;1;2;1;0;0;0;0;1;0;1;1;0;0;1;1;1;1;1;5;3;5;5;5;5;5;2;4;4;4;4;4;4;4;4;4;4;4;4;4;3;3;3;2;3;2;3;3;3;3;2;2;1;4;1;4;1;4;1;1;2;2;2;2;2;2;2;2;2;163;0
90781;3112;3;3;1;0;0;0;0;4;3;3;3;4;4;4;4;3;3;3;3;3;3;3;4;4;4;3;4;3;2;4;3;3;2;2;2;2;2;2;1;2;1;1;2;2;2;0;0;0;1;0;1;1;0;0;0;2;2;2;2;2;2;1;1;5;4;2;2;1;4;4;3;4;4;4;4;4;4;4;4;4;4;1;2;1;1;2;2;3;2;3;4;3;3;2;4;1;4;1;3;1;1;2;2;2;2;2;2;2;2;2;164;0
49546;3114;3;3;1;1;1;2;2;4;4;4;4;4;4;4;4;4;4;4;4;3;4;4;4;4;4;4;4;4;4;4;4;4;1;1;1;1;1;1;1;1;1;1;1;2;1;0;0;0;0;1;0;1;1;0;0;1;1;1;1;1;5;1;5;5;5;5;5;5;5;4;4;4;4;4;4;4;4;4;4;4;4;3;4;4;1;4;2;3;99;2;2;3;4;2;3;3;3;3;4;3;4;2;2;2;2;2;2;2;2;2;165;0
86390;398;1;2;1;1;2;2;1;4;4;4;4;4;4;4;4;4;4;4;4;3;3;3;4;3;3;3;4;2;3;4;4;4;2;2;2;2;1;2;1;2;2;1;1;2;1;1;0;0;0;1;1;0;0;0;0;0;0;0;0;0;0;0;0;0;0;0;0;0;0;0;0;0;0;0;0;0;0;0;0;0;0;1;2;2;1;2;2;3;2;2;2;2;2;2;3;2;4;1;3;1;2;2;2;2;2;2;2;2;2;2;166;0
90631;418;2;3;2;1;1;0;1;3;4;4;4;4;4;4;4;3;3;3;3;3;4;4;4;4;3;3;4;2;2;4;3;4;1;1;0;0;1;2;1;2;2;1;2;1;1;1;1;0;0;0;0;1;0;0;0;1;1;1;1;1;4;3;5;5;5;5;4;3;5;3;4;4;3;3;3;4;4;4;4;4;4;4;2;3;1;2;2;4;4;2;3;2;3;1;4;0;4;1;4;1;1;2;2;2;2;2;2;2;2;2;167;0
49960;465;1;3;1;1;2;2;1;4;4;4;4;4;3;4;4;3;4;3;3;2;4;4;4;4;4;4;4;3;4;4;4;4;1;1;1;1;1;2;1;1;2;1;1;2;1;1;0;0;0;1;0;1;0;0;0;1;1;1;1;1;3;3;4;4;4;4;3;2;5;4;4;4;4;4;4;4;4;4;3;4;4;2;2;2;1;2;2;4;4;1;2;2;2;1;3;2;4;2;2;1;1;2;2;2;2;2;2;2;2;2;168;0
5639;472;3;2;1;0;0;0;1;3;4;3;4;4;3;4;4;3;3;3;3;2;3;4;4;3;3;4;3;3;2;3;3;4;1;1;1;1;1;1;1;1;2;1;1;2;2;0;0;0;0;1;0;1;0;0;1;1;1;1;1;1;3;3;3;4;4;5;5;5;5;3;3;4;4;4;4;3;4;4;3;3;3;0;0;0;0;0;0;0;0;0;0;0;0;0;0;0;0;0;0;0;0;0;0;0;0;0;0;0;0;0;169;0
98249;488;1;3;1;2;2;2;1;4;4;4;4;3;2;3;3;3;3;4;4;3;3;3;2;2;3;3;4;2;3;4;4;4;1;1;2;2;2;1;1;1;2;1;2;2;1;1;0;0;0;1;0;1;0;0;0;1;1;1;1;2;4;2;4;4;4;3;3;1;5;3;4;4;3;3;3;3;4;4;4;4;3;3;3;2;3;3;3;4;3;1;3;3;3;2;4;1;4;1;4;1;1;2;2;2;2;2;2;2;2;2;170;0
53047;525;3;1;1;1;2;2;1;3;3;3;3;4;4;4;4;3;3;3;2;3;3;3;3;3;3;3;3;3;3;3;3;4;1;1;1;1;1;2;2;1;1;1;2;1;1;0;0;0;1;1;1;0;0;0;0;1;1;2;1;2;5;4;3;3;3;4;4;2;5;3;3;4;4;4;4;4;3;3;2;3;2;2;2;3;2;2;2;2;2;2;3;1;3;2;4;1;4;1;4;1;1;2;2;2;2;2;2;2;2;2;171;0
68823;2273;4;3;1;1;1;0;1;4;4;4;4;4;4;4;4;2;3;3;2;3;99;2;3;3;3;3;4;3;4;4;4;4;1;1;1;1;1;1;1;2;1;1;1;2;2;1;0;0;0;1;0;0;0;0;1;1;1;1;1;1;3;5;4;5;4;4;4;4;4;4;4;4;3;3;3;3;4;4;4;4;4;3;2;3;3;1;2;1;2;4;1;2;1;1;4;1;4;2;3;3;3;2;2;2;2;2;2;2;2;2;172;0
76432;4851;2;2;1;1;2;2;2;3;4;3;3;4;4;4;4;3;3;3;3;4;4;4;4;3;4;4;4;3;3;3;4;4;1;1;2;1;2;2;1;2;2;1;1;2;1;1;0;0;0;1;1;0;0;0;0;1;1;1;1;1;4;3;3;5;4;4;4;2;5;3;3;3;3;3;3;2;4;4;4;4;4;2;2;1;1;2;3;4;4;2;2;2;2;2;3;2;3;2;3;1;1;2;2;2;1;2;2;2;2;2;173;0
40921;5002;2;3;1;2;2;2;1;4;4;4;4;4;4;4;4;3;3;3;4;3;4;4;4;3;4;4;3;2;3;4;3;4;2;1;1;1;2;2;1;1;2;1;1;2;1;0;0;0;0;1;1;1;0;0;0;2;2;2;2;2;1;5;5;5;5;4;4;2;4;4;4;4;4;4;4;4;3;3;3;3;0;2;3;2;2;2;2;2;2;2;2;1;2;1;4;1;4;1;3;1;1;2;2;2;2;2;2;2;2;2;174;0
68426;5248;3;3;1;1;2;2;2;4;4;4;4;4;3;3;4;4;4;4;4;2;3;3;4;3;3;4;4;3;3;4;4;4;1;1;1;1;1;1;1;1;1;1;1;2;1;1;1;0;1;0;0;0;0;0;0;1;1;1;1;1;4;3;4;5;5;4;4;2;3;4;3;4;4;3;4;4;4;4;4;4;4;3;3;3;1;3;3;3;4;2;3;3;3;2;4;1;3;1;3;1;1;2;2;2;2;2;2;2;2;2;175;0
27006;5280;3;3;1;1;1;2;1;4;4;4;4;4;4;4;4;3;3;3;4;2;3;3;4;3;4;4;4;3;3;4;3;4;1;1;1;1;1;1;1;1;2;1;1;2;1;0;1;0;0;1;0;0;1;0;0;1;1;1;1;1;5;3;3;5;5;5;5;5;5;4;3;4;4;4;3;3;4;4;4;4;4;3;3;3;2;2;2;3;3;2;3;2;3;2;4;1;4;1;4;1;1;2;2;2;2;2;2;2;2;2;176;0
49732;5288;1;1;1;1;2;2;1;4;4;4;4;3;4;4;4;3;3;4;4;3;3;3;3;3;2;3;3;3;3;3;3;4;1;1;1;1;1;1;1;1;1;1;1;2;1;1;0;0;0;1;1;0;0;0;0;1;1;1;1;1;5;3;3;4;3;4;4;3;3;3;3;3;4;3;3;4;4;4;3;4;3;2;3;2;2;3;2;3;3;3;3;3;3;3;3;3;3;3;3;3;3;2;2;2;2;2;2;2;2;2;177;0
97489;5304;0;0;0;0;0;0;0;4;4;4;4;3;3;3;3;4;4;4;4;4;2;2;3;2;2;2;4;2;4;4;4;4;1;1;1;1;2;2;1;2;2;1;1;2;1;0;1;0;0;1;0;0;1;0;0;1;1;1;1;1;3;3;2;1;5;3;3;1;5;4;4;4;3;4;4;4;4;4;2;4;4;3;2;3;1;4;3;4;4;3;4;2;2;1;4;1;4;2;3;1;1;2;2;2;2;2;2;2;2;2;178;0
4538;5466;3;3;1;2;2;2;1;4;4;4;4;4;4;4;4;3;4;4;3;4;4;4;4;4;4;3;4;4;4;4;4;4;1;2;2;1;2;2;1;2;1;1;2;2;1;1;0;0;0;1;0;0;0;0;1;1;1;1;1;1;5;2;1;5;5;5;1;1;5;4;4;4;4;4;4;4;4;4;3;3;4;2;3;2;2;3;3;3;3;2;3;2;3;1;3;2;4;2;4;2;2;2;2;2;2;2;2;2;2;2;179;0
24273;5507;1;1;1;1;2;2;1;4;4;4;4;3;3;3;4;3;4;3;3;3;3;3;4;3;4;3;4;2;3;4;3;3;1;1;2;2;2;1;1;2;2;1;1;2;1;0;0;0;0;1;1;1;0;0;0;1;1;1;1;2;3;3;4;4;5;4;4;2;5;3;4;3;4;3;4;3;4;4;3;4;3;3;2;3;2;3;3;4;4;3;3;1;4;3;4;1;4;1;4;1;2;2;2;2;2;2;2;2;2;2;180;0
59571;5692;3;2;2;2;2;2;2;4;4;3;4;4;3;4;4;2;3;3;3;3;4;3;4;4;4;4;3;3;3;4;4;4;2;2;2;1;1;2;1;2;1;2;2;2;1;0;0;0;1;1;0;1;0;0;0;1;1;1;1;1;3;3;3;4;3;4;3;3;5;4;4;4;4;4;4;4;3;4;3;3;4;2;2;2;3;2;2;3;2;2;3;2;2;1;4;1;4;1;3;1;1;2;2;2;2;2;2;2;2;2;181;0
98809;5814;3;3;1;0;0;0;0;4;4;4;4;4;4;4;4;3;4;4;4;3;4;4;4;4;4;4;4;3;3;4;4;4;0;0;1;0;0;0;1;0;0;1;0;0;0;1;0;0;0;1;0;0;0;0;1;1;1;1;1;1;4;2;4;5;4;4;4;2;3;3;4;3;3;3;3;4;4;4;4;4;4;3;3;3;3;3;3;4;4;3;4;3;3;2;4;2;4;1;3;1;1;2;2;2;2;2;2;2;2;2;182;0
80519;5867;1;3;1;2;2;2;1;4;4;4;4;4;4;4;4;4;4;4;4;4;4;4;4;4;4;4;4;3;3;4;3;4;1;1;1;1;1;1;1;1;2;1;1;2;1;1;0;0;0;1;0;1;0;0;0;0;0;0;0;0;5;3;4;5;5;5;4;5;5;4;4;4;3;4;3;3;4;4;4;4;3;2;2;2;2;3;3;3;3;3;2;2;2;2;4;1;4;2;4;1;1;2;2;2;2;2;2;2;2;2;183;0
17854;5918;1;1;2;1;2;2;2;4;4;4;4;4;4;4;4;3;4;4;4;2;3;3;3;3;3;3;4;3;3;4;3;4;1;2;2;2;1;2;2;2;2;1;2;1;2;1;0;0;0;0;0;1;0;1;0;1;1;1;2;1;2;3;4;2;3;4;4;2;4;3;4;4;4;4;3;4;4;4;4;4;4;2;2;2;1;3;2;3;1;2;3;1;3;3;4;1;4;1;3;1;1;2;2;2;2;2;2;2;2;2;184;0
11556;7393;3;3;1;1;2;2;1;3;4;3;4;4;4;4;4;2;3;4;4;3;4;4;4;4;4;4;3;2;2;4;3;4;1;2;2;1;2;2;1;1;2;1;2;2;1;0;0;0;0;1;1;1;0;0;0;1;1;2;1;1;1;1;4;2;1;5;1;1;4;2;3;3;3;4;4;2;4;4;3;3;3;2;3;3;1;3;1;3;3;1;3;1;1;1;3;1;3;1;3;1;1;2;2;2;2;2;2;2;2;2;185;0
4119;7432;3;3;1;1;2;2;2;4;4;4;4;4;4;4;4;3;4;4;4;4;4;4;4;4;4;4;3;3;3;4;3;4;1;2;2;1;2;2;1;2;2;1;1;2;1;1;0;0;0;1;0;0;1;0;0;1;1;1;1;2;5;2;5;5;5;5;3;5;5;3;4;4;4;4;4;4;4;4;4;4;4;3;1;3;2;4;4;4;4;2;4;2;3;2;3;1;3;1;3;1;1;2;2;2;2;2;2;2;2;2;186;0
89984;7490;1;2;1;1;2;2;2;4;4;4;4;4;3;3;3;3;3;3;3;3;4;4;4;4;4;3;3;3;4;4;4;4;1;2;2;2;1;2;1;2;1;1;1;1;1;0;1;0;1;0;0;1;0;0;0;1;1;1;1;1;5;1;5;5;5;4;4;3;5;4;4;4;4;4;4;4;4;4;3;4;4;3;3;2;2;3;2;3;3;2;2;2;2;2;3;2;3;2;3;2;2;2;2;2;2;2;2;2;2;2;187;0
20014;7494;2;1;1;1;1;2;2;4;4;4;4;4;3;4;4;3;4;3;4;4;4;4;4;4;4;4;4;4;4;4;4;4;1;1;1;1;1;1;1;1;2;1;1;2;1;1;0;0;0;1;1;0;0;0;0;1;1;1;1;1;4;2;4;5;5;5;5;5;5;4;4;4;4;4;4;4;4;4;4;4;4;1;2;2;1;3;3;3;3;3;3;1;3;1;4;1;4;1;4;1;1;2;2;2;2;2;2;2;2;2;188;0
1161;7502;3;3;1;2;2;2;1;3;3;3;3;3;4;3;4;3;3;3;3;3;3;3;3;3;3;3;3;2;2;3;3;4;1;1;1;1;2;2;1;2;2;1;1;1;2;0;0;0;1;1;0;0;1;0;0;1;1;2;1;2;3;3;3;4;3;3;3;3;5;3;3;4;4;4;4;3;4;4;4;4;2;2;2;2;1;3;2;3;3;2;3;3;2;3;3;1;4;1;3;2;2;2;1;2;2;2;2;2;2;2;189;0
30892;7559;2;2;2;2;2;2;2;4;4;4;4;4;4;4;4;3;4;4;4;3;4;4;4;3;4;4;4;3;4;4;4;4;2;2;1;1;2;1;1;2;1;1;1;2;1;1;0;0;0;1;1;0;0;0;0;1;1;1;1;2;5;2;3;5;3;3;4;5;3;4;4;4;4;3;3;4;4;4;4;4;4;2;1;2;1;2;2;3;4;2;2;2;2;2;4;1;3;3;3;1;1;2;2;2;2;2;2;2;2;2;190;0
49979;7581;99;3;1;1;2;2;1;4;4;4;4;4;4;4;4;4;4;4;4;4;4;4;4;4;4;4;4;4;4;4;4;4;1;1;1;1;1;2;1;1;2;1;1;2;1;1;0;0;0;1;0;1;0;0;0;1;1;1;1;1;4;4;5;5;5;5;5;5;5;4;4;4;4;4;4;4;4;4;3;4;3;3;3;3;2;3;3;4;4;4;3;3;3;3;4;1;4;1;4;1;1;2;2;2;2;2;2;2;2;2;191;0
37335;7660;1;3;1;1;2;2;1;4;4;4;4;4;3;3;4;4;3;4;4;2;4;3;4;3;4;4;4;3;3;4;4;4;1;1;1;1;1;1;1;2;2;1;1;2;1;1;0;0;1;0;1;0;0;0;0;1;1;1;1;1;5;4;3;3;4;3;4;2;5;3;4;4;3;4;3;3;4;4;4;4;4;2;3;3;2;3;2;3;3;2;2;2;2;1;4;1;4;1;4;2;2;2;2;2;2;2;2;2;2;2;192;0
56873;7719;3;2;2;2;2;2;2;4;4;4;4;4;4;4;4;3;3;3;3;3;4;4;4;4;4;4;4;3;4;4;3;4;1;2;1;1;1;2;1;1;2;1;1;2;1;0;0;0;1;1;0;1;0;0;0;1;1;2;1;2;3;3;4;4;4;3;3;4;5;3;3;3;3;3;3;3;4;4;4;4;4;2;3;3;2;2;3;3;2;3;3;3;3;2;4;1;4;1;3;1;1;2;2;2;2;2;2;2;2;2;193;0
63923;7733;2;2;1;1;2;2;1;4;4;4;4;4;3;3;4;3;3;4;3;3;4;4;3;4;3;3;4;2;3;4;3;4;1;1;2;2;1;1;1;1;2;1;1;2;1;1;0;0;1;0;0;1;0;0;0;1;1;1;1;1;4;4;3;5;5;5;4;4;3;4;4;4;4;4;4;4;4;4;4;4;3;2;2;3;1;2;2;3;2;1;3;2;3;1;3;1;4;1;3;1;1;2;2;2;2;2;2;2;2;2;194;0
73070;7792;3;2;1;0;0;0;0;4;4;4;4;4;4;4;4;3;4;4;4;3;3;3;4;4;4;3;4;3;4;4;4;4;1;2;1;1;1;1;1;1;2;1;1;1;1;0;0;0;1;0;0;1;1;0;0;1;1;1;1;1;5;5;3;3;5;5;5;1;5;4;4;4;3;3;3;3;4;3;3;4;4;2;2;3;2;3;2;3;2;2;2;2;2;2;4;2;4;2;4;1;1;2;2;2;2;2;2;2;2;2;195;0
7492;7814;3;1;1;2;2;2;1;4;4;3;4;4;3;3;4;3;4;4;4;3;3;3;4;3;4;4;4;3;3;4;3;4;1;2;2;2;1;2;1;2;2;1;2;2;1;0;0;1;0;1;0;1;0;0;0;1;1;1;1;2;3;2;1;3;5;2;4;3;5;4;4;4;4;4;4;4;4;4;4;3;2;1;1;1;1;2;2;2;2;1;3;2;2;2;3;1;4;2;4;1;1;2;2;2;2;2;2;2;2;2;196;0
54373;7815;1;3;1;1;2;2;2;4;4;4;4;4;4;4;4;4;4;4;4;4;4;4;4;4;4;4;4;4;3;4;3;4;1;1;1;1;1;2;1;1;2;1;1;1;1;1;0;0;1;0;0;1;0;0;0;1;1;1;1;1;4;2;3;3;4;3;3;2;5;3;3;3;3;3;3;3;4;4;4;4;4;2;3;3;2;3;3;3;3;3;3;3;3;2;4;3;3;3;3;3;3;2;2;2;2;2;2;2;2;2;197;0
74977;7818;3;1;1;1;2;2;2;3;3;3;3;4;3;4;4;3;3;3;4;2;3;4;4;4;4;4;4;3;3;4;3;4;1;1;1;2;2;2;1;2;2;1;1;2;1;0;0;1;1;0;1;0;0;0;0;1;1;1;1;1;3;3;5;5;0;3;3;3;5;4;4;4;4;4;4;4;4;4;4;4;4;4;4;4;4;4;4;4;4;4;4;4;4;3;4;1;4;1;4;1;1;2;2;2;2;2;2;2;2;2;198;0
24494;7851;1;1;1;2;2;2;2;4;4;3;4;3;3;3;3;3;2;3;4;3;4;4;4;4;4;4;3;2;3;3;3;4;1;2;1;1;1;1;1;2;2;1;2;2;1;0;1;0;0;1;0;1;0;0;0;1;1;1;1;1;4;3;3;4;4;3;4;3;5;4;4;3;3;3;3;3;4;4;2;4;3;1;2;2;1;2;1;2;2;2;2;2;2;2;4;1;4;2;4;1;3;2;2;2;2;2;2;2;2;2;199;0
61458;7918;1;2;1;1;2;2;2;4;4;4;4;4;4;4;4;4;4;3;4;4;3;3;3;3;3;3;4;3;3;4;3;4;1;1;2;1;2;2;2;2;2;1;1;2;1;0;0;0;1;1;0;1;0;0;0;1;1;1;1;1;5;1;5;3;5;5;5;5;5;3;3;3;3;3;3;3;4;4;4;4;4;3;3;3;2;3;2;4;3;4;4;2;3;2;3;1;3;1;3;2;2;2;2;2;2;2;2;2;2;2;200;0
10293;7985;3;3;1;1;1;2;2;4;4;4;3;4;4;3;3;4;4;3;4;3;4;3;3;3;4;3;4;3;4;3;4;4;1;1;1;1;1;1;1;2;2;1;1;2;2;1;0;0;1;1;0;0;0;0;0;1;1;1;1;1;3;4;5;3;4;4;4;3;4;4;4;4;4;4;4;3;4;4;3;4;3;2;3;2;1;3;2;3;3;2;3;2;2;2;4;1;3;1;3;1;1;2;2;2;2;2;2;2;2;2;201;0
11456;8002;3;3;1;1;2;1;1;4;4;4;4;4;3;3;4;4;4;4;4;4;3;3;4;4;4;4;3;3;4;4;4;4;1;1;1;1;1;2;1;1;1;1;1;2;1;1;0;0;0;1;0;1;0;0;0;1;1;1;1;1;5;5;5;5;5;5;5;5;5;4;4;4;4;4;4;4;4;4;4;4;4;2;2;2;1;2;2;4;4;1;4;2;3;2;3;1;4;1;4;1;1;2;2;2;2;2;2;2;2;2;202;0
39486;8063;1;3;1;1;2;2;1;4;4;4;4;4;4;4;4;4;3;3;3;3;4;4;4;4;4;4;4;3;3;3;3;4;1;1;1;1;1;2;1;2;2;1;1;2;1;0;0;0;1;1;1;0;0;0;0;1;1;1;1;0;4;2;4;5;5;5;4;4;4;4;4;4;4;4;4;4;4;4;4;4;4;2;3;3;1;1;1;3;0;1;4;4;3;3;4;1;4;1;4;1;1;2;2;2;2;2;2;2;2;2;203;0
14955;8084;1;3;1;1;2;1;1;4;4;3;4;3;3;4;4;3;4;4;3;4;4;4;4;4;3;3;4;3;4;4;3;4;1;1;1;1;1;1;1;1;2;2;1;2;2;0;0;1;1;1;0;0;0;0;0;1;1;1;1;2;4;3;4;3;4;3;4;3;5;4;4;4;3;4;4;4;4;4;4;4;3;3;3;3;3;3;3;3;3;3;3;3;3;2;4;1;4;1;3;1;1;2;2;2;2;2;2;2;2;2;204;0
22669;8094;3;2;1;2;2;2;1;4;4;3;4;3;3;3;4;3;3;3;3;2;3;3;3;3;3;3;3;3;3;0;0;3;1;2;1;2;2;1;1;2;2;2;1;1;1;1;0;1;1;1;0;1;1;1;0;1;1;1;1;2;3;0;2;4;4;3;4;4;4;3;3;3;3;3;3;3;4;4;4;4;4;2;3;3;1;2;3;4;3;2;3;2;2;2;3;2;2;2;4;2;2;2;2;2;2;2;2;2;2;2;205;0
26709;8114;2;3;1;2;1;2;1;4;4;4;3;4;3;3;4;4;3;4;4;4;3;3;3;3;3;4;4;3;3;3;4;4;1;1;1;1;1;2;1;1;2;1;2;2;1;0;0;0;1;1;0;1;0;0;0;1;1;1;1;2;4;5;5;5;4;3;4;3;5;4;4;4;4;4;4;4;4;4;4;4;4;3;4;3;2;3;3;4;3;2;2;2;2;2;4;1;4;1;4;1;1;2;2;2;2;2;2;2;2;2;206;0
71134;8140;1;3;2;1;2;2;2;4;4;4;4;4;4;4;4;3;4;4;4;3;4;4;4;4;4;4;4;3;4;4;4;4;1;1;1;1;1;2;1;2;2;1;2;0;1;0;0;0;1;0;1;0;0;0;1;1;1;1;1;1;3;3;2;5;4;4;5;3;5;4;4;4;4;4;4;4;4;4;3;4;4;2;2;3;2;3;3;3;3;2;4;4;4;4;3;2;3;2;3;1;1;2;2;2;2;2;2;2;2;2;207;0
43399;8161;0;1;1;0;1;0;0;4;4;4;4;3;3;3;4;3;4;4;4;4;3;3;3;3;3;3;4;3;4;3;3;4;1;1;1;1;1;1;1;1;1;1;1;1;1;1;0;0;1;0;0;0;1;0;0;1;1;1;1;2;4;3;3;5;5;5;5;4;5;4;4;4;4;4;4;4;4;4;4;4;3;3;2;2;1;2;2;3;4;3;4;2;4;3;4;1;4;1;4;1;1;2;2;2;2;2;2;2;2;2;208;0
79410;8183;3;2;1;2;2;2;2;3;3;3;4;2;2;2;2;2;2;2;2;2;2;2;2;2;2;2;3;3;4;2;3;4;1;2;2;2;2;2;2;2;2;1;1;1;1;0;0;0;0;1;1;1;0;0;0;1;1;2;1;1;3;3;2;4;4;3;2;1;4;4;4;4;4;4;4;4;4;4;3;3;3;3;2;3;1;3;2;3;3;3;3;3;3;3;4;1;4;1;4;1;1;2;2;2;2;2;2;2;2;2;209;0
86012;8184;3;3;1;1;2;2;1;3;4;4;4;4;3;4;4;4;3;4;4;4;4;4;4;4;3;4;4;3;4;4;3;4;1;1;1;1;1;1;1;1;0;1;1;0;1;1;0;0;0;1;0;1;0;0;0;1;1;1;1;1;0;0;0;5;4;0;0;5;4;4;3;4;4;3;3;4;4;4;4;4;4;4;4;4;3;3;3;4;4;3;3;3;3;1;4;0;4;0;4;0;0;2;2;2;2;2;2;2;2;2;210;0
94717;8240;3;1;1;1;1;2;1;4;4;3;3;4;3;3;4;3;3;3;3;3;3;3;3;3;3;4;4;3;3;3;3;4;1;1;1;1;1;1;1;1;2;1;2;2;1;0;0;0;0;1;1;0;1;0;0;1;1;1;2;2;3;1;5;4;4;4;4;3;5;3;4;4;4;4;4;4;4;3;4;3;4;2;1;3;1;2;2;3;2;4;4;2;3;4;4;1;4;1;4;1;1;2;1;2;1;2;2;2;2;2;211;0
39832;8305;3;3;1;1;2;2;1;3;3;4;4;4;4;4;4;2;3;3;3;3;4;4;4;4;4;4;4;4;4;4;4;4;1;1;1;1;1;1;1;1;2;1;1;1;1;0;1;0;1;0;0;0;1;0;0;1;2;2;1;2;5;3;3;5;5;3;5;3;5;4;4;4;4;4;4;4;4;4;4;4;4;2;2;2;2;2;2;3;2;2;3;2;2;2;3;4;3;2;3;2;4;2;2;2;2;2;2;2;2;2;212;0
95613;8324;1;3;2;2;2;2;2;4;4;4;4;4;3;4;3;3;3;3;3;3;3;3;4;3;3;3;3;3;3;4;3;4;1;1;2;1;1;2;1;1;2;1;2;2;1;0;0;0;1;0;0;1;1;0;0;1;2;1;1;2;5;3;4;4;3;4;3;3;4;4;3;3;4;4;3;3;4;4;3;4;3;1;3;2;1;3;3;3;3;3;3;1;2;1;3;1;4;2;3;1;1;2;2;2;2;2;2;2;2;2;213;0
26231;8385;3;3;1;1;0;0;1;4;4;4;3;4;3;3;4;3;3;3;3;3;4;3;4;3;3;3;4;3;3;3;3;4;1;1;2;2;2;1;1;2;2;1;1;2;1;1;0;1;0;1;0;0;0;0;0;1;1;1;1;2;4;3;3;4;4;4;3;3;4;2;3;3;3;4;4;3;4;4;3;4;3;2;2;2;1;3;3;3;3;2;4;3;3;2;3;2;4;2;3;1;2;2;2;2;2;2;2;2;2;2;214;0
92229;8472;1;2;2;1;2;2;2;4;4;3;3;4;3;3;4;3;3;3;3;3;3;3;3;3;3;3;3;3;3;4;3;3;1;1;1;1;2;2;1;1;2;1;2;2;2;1;0;0;1;1;0;0;0;0;0;1;1;1;2;2;4;2;3;4;5;3;3;3;4;4;4;4;4;4;3;4;4;4;3;3;2;2;2;2;1;2;1;3;3;3;3;3;3;3;4;1;4;3;3;1;1;2;2;2;2;2;2;2;2;2;215;0
